ID,PP,Tyre
2108,1195.32,CH
2108,1244.24,CM
2108,1277.29,CS
2108,1295.66,SH
2108,1320.72,SM
2108,1343.01,SS
2108,1361.67,RH
2108,1370.96,RM
2108,1377.64,RS
2108,1343.02,IM
2108,1320.71,W
2110,1030.85,CH
2110,1071.38,CM
2110,1097.37,CS
2110,1116.23,SH
2110,1138.46,SM
2110,1161.20,SS
2110,1175.57,RH
2110,1184.92,RM
2110,1193.49,RS
2110,1161.20,IM
2110,1138.48,W
2107,925.41,CH
2107,964.54,CM
2107,993.78,CS
2107,1011.72,SH
2107,1034.03,SM
2107,1055.15,SS
2107,1068.15,RH
2107,1077.97,RM
2107,1089.39,RS
2107,1056.99,IM
2107,1034.00,W
2077,883.06,CH
2077,927.88,CM
2077,959.34,CS
2077,979.24,SH
2077,1005.38,SM
2077,1030.13,SS
2077,1041.09,RH
2077,1051.78,RM
2077,1061.83,RS
2077,1030.13,IM
2077,1005.18,W
2111,855.23,CH
2111,897.85,CM
2111,926.33,CS
2111,945.24,SH
2111,967.70,SM
2111,989.06,SS
2111,1003.70,RH
2111,1012.82,RM
2111,1022.07,RS
2111,989.06,IM
2111,967.80,W
3417,834.26,CH
3417,877.71,CM
3417,904.76,CS
3417,922.28,SH
3417,947.64,SM
3417,970.35,SS
3417,983.83,RH
3417,998.27,RM
3417,1007.60,RS
3417,970.34,IM
3417,947.65,W
3374,791.49,CH
3374,840.28,CM
3374,873.28,CS
3374,894.38,SH
3374,918.47,SM
3374,941.22,SS
3374,957.26,RH
3374,966.62,RM
3374,976.85,RS
3374,941.22,IM
3374,918.47,W
3517,791.49,CH
3517,840.28,CM
3517,873.28,CS
3517,894.38,SH
3517,918.47,SM
3517,941.22,SS
3517,957.26,RH
3517,966.62,RM
3517,976.85,RS
3517,941.22,IM
3517,918.47,W
2135,798.82,CH
2135,842.68,CM
2135,870.91,CS
2135,886.85,SH
2135,908.14,SM
2135,934.99,SS
2135,950.39,RH
2135,959.61,RM
2135,968.15,RS
2135,934.99,IM
2135,908.12,W
3510,768.49,CH
3510,815.47,CM
3510,847.22,CS
3510,866.81,SH
3510,892.01,SM
3510,914.53,SS
3510,927.48,RH
3510,938.23,RM
3510,949.06,RS
3510,914.52,IM
3510,892.03,W
2118,775.12,CH
2118,818.46,CM
2118,849.21,CS
2118,868.44,SH
2118,891.21,SM
2118,914.01,SS
2118,926.97,RH
2118,937.56,RM
2118,947.79,RS
2118,914.00,IM
2118,891.26,W
3315,757.03,CH
3315,805.89,CM
3315,837.58,CS
3315,858.07,SH
3315,884.46,SM
3315,908.34,SS
3315,919.98,RH
3315,930.44,RM
3315,941.99,RS
3315,908.34,IM
3315,884.45,W
3372,767.10,CH
3372,813.66,CM
3372,843.24,CS
3372,863.56,SH
3372,886.72,SM
3372,907.16,SS
3372,922.43,RH
3372,932.95,RM
3372,943.38,RS
3372,907.16,IM
3372,886.71,W
3371,767.10,CH
3371,813.66,CM
3371,843.24,CS
3371,863.56,SH
3371,886.72,SM
3371,907.16,SS
3371,922.43,RH
3371,932.95,RM
3371,943.38,RS
3371,907.16,IM
3371,886.71,W
3528,767.33,CH
3528,811.68,CM
3528,842.99,CS
3528,862.28,SH
3528,885.80,SM
3528,907.35,SS
3528,923.20,RH
3528,932.83,RM
3528,942.74,RS
3528,907.35,IM
3528,885.79,W
3529,767.33,CH
3529,811.68,CM
3529,842.99,CS
3529,862.28,SH
3529,885.80,SM
3529,907.35,SS
3529,923.20,RH
3529,932.83,RM
3529,942.74,RS
3529,907.35,IM
3529,885.79,W
2134,746.96,CH
2134,796.49,CM
2134,828.25,CS
2134,851.00,SH
2134,880.31,SM
2134,902.82,SS
2134,911.85,RH
2134,921.53,RM
2134,926.49,RS
2134,902.82,IM
2134,880.30,W
3342,732.46,CH
3342,791.10,CM
3342,825.65,CS
3342,849.32,SH
3342,876.36,SM
3342,901.53,SS
3342,913.82,RH
3342,925.54,RM
3342,934.82,RS
3342,901.53,IM
3342,876.35,W
3532,721.45,CH
3532,771.94,CM
3532,805.98,CS
3532,826.78,SH
3532,850.36,SM
3532,872.45,SS
3532,886.66,RH
3532,896.33,RM
3532,905.67,RS
3532,873.85,IM
3532,850.35,W
3475,718.52,CH
3475,767.43,CM
3475,803.30,CS
3475,823.02,SH
3475,845.67,SM
3475,872.01,SS
3475,882.57,RH
3475,893.43,RM
3475,904.66,RS
3475,872.01,IM
3475,845.72,W
3351,706.19,CH
3351,748.00,CM
3351,776.96,CS
3351,796.03,SH
3351,819.70,SM
3351,847.99,SS
3351,855.78,RH
3351,862.79,RM
3351,872.95,RS
3351,848.70,IM
3351,819.71,W
3511,701.80,CH
3511,746.29,CM
3511,776.92,CS
3511,795.19,SH
3511,819.06,SM
3511,841.97,SS
3511,854.20,RH
3511,864.46,RM
3511,874.58,RS
3511,841.95,IM
3511,819.05,W
1069,687.61,CH
1069,737.54,CM
1069,769.22,CS
1069,790.27,SH
1069,815.36,SM
1069,836.82,SS
1069,852.18,RH
1069,861.80,RM
1069,870.97,RS
1069,836.81,IM
1069,815.35,W
2123,679.97,CH
2123,731.24,CM
2123,762.13,CS
2123,779.35,SH
2123,806.64,SM
2123,828.85,SS
2123,840.36,RH
2123,850.50,RM
2123,860.61,RS
2123,828.82,IM
2123,806.63,W
3542,682.60,CH
3542,727.16,CM
3542,757.22,CS
3542,776.46,SH
3542,801.60,SM
3542,823.20,SS
3542,838.33,RH
3542,848.45,RM
3542,854.62,RS
3542,823.21,IM
3542,801.59,W
3543,645.69,CH
3543,692.78,CM
3543,727.50,CS
3543,754.18,SH
3543,783.03,SM
3543,806.43,SS
3543,815.27,RH
3543,827.83,RM
3543,839.30,RS
3543,806.60,IM
3543,783.02,W
3414,655.44,CH
3414,697.46,CM
3414,728.05,CS
3414,757.15,SH
3414,780.11,SM
3414,801.76,SS
3414,813.20,RH
3414,823.44,RM
3414,832.46,RS
3414,801.67,IM
3414,780.03,W
3452,636.59,CH
3452,686.92,CM
3452,718.19,CS
3452,749.36,SH
3452,773.85,SM
3452,795.89,SS
3452,801.44,RH
3452,811.78,RM
3452,821.88,RS
3452,795.89,IM
3452,773.84,W
3560,0,CH
3560,0,CM
3560,0,CS
3560,0,SH
3560,772.10,SM
3560,794.31,SS
3560,813.91,RH
3560,825.35,RM
3560,836.24,RS
3560,794.10,IM
3560,772.07,W
808,634.57,CH
808,677.86,CM
808,705.34,CS
808,740.00,SH
808,762.12,SM
808,784.30,SS
808,789.24,RH
808,800.94,RM
808,826.19,RS
808,784.29,IM
808,762.10,W
808,736.23,D
808,681.58,S
2119,629.69,CH
2119,678.05,CM
2119,710.46,CS
2119,731.77,SH
2119,757.55,SM
2119,780.38,SS
2119,792.41,RH
2119,804.44,RM
2119,813.93,RS
2119,780.38,IM
2119,756.48,W
3360,625.42,CH
3360,678.81,CM
3360,712.30,CS
3360,732.51,SH
3360,756.36,SM
3360,778.53,SS
3360,791.21,RH
3360,802.08,RM
3360,812.64,RS
3360,778.56,IM
3360,756.35,W
2120,631.12,CH
2120,678.82,CM
2120,711.34,CS
2120,730.03,SH
2120,754.46,SM
2120,777.22,SS
2120,788.88,RH
2120,800.24,RM
2120,811.43,RS
2120,777.22,IM
2120,754.46,W
2120,705.86,D
2120,678.74,S
3478,634.26,CH
3478,678.74,CM
3478,709.09,CS
3478,728.88,SH
3478,752.77,SM
3478,774.48,SS
3478,789.57,RH
3478,799.34,RM
3478,810.06,RS
3478,774.48,IM
3478,752.76,W
2113,627.77,CH
2113,673.55,CM
2113,705.98,CS
2113,726.67,SH
2113,752.23,SM
2113,773.54,SS
2113,770.72,RH
2113,782.15,RM
2113,793.43,RS
2113,773.54,IM
2113,752.23,W
3507,632.88,CH
3507,673.20,CM
3507,704.09,CS
3507,724.83,SH
3507,748.06,SM
3507,770.18,SS
3507,783.72,RH
3507,795.52,RM
3507,805.55,RS
3507,770.17,IM
3507,748.02,W
3479,619.45,CH
3479,667.05,CM
3479,699.11,CS
3479,719.26,SH
3479,746.90,SM
3479,769.42,SS
3479,783.47,RH
3479,794.02,RM
3479,803.81,RS
3479,769.43,IM
3479,746.90,W
3396,633.08,CH
3396,676.63,CM
3396,706.91,CS
3396,726.61,SH
3396,750.40,SM
3396,768.65,SS
3396,782.57,RH
3396,792.75,RM
3396,803.45,RS
3396,768.84,IM
3396,750.39,W
3433,601.21,CH
3433,663.92,CM
3433,697.74,CS
3433,715.49,SH
3433,739.62,SM
3433,763.72,SS
3433,778.94,RH
3433,790.38,RM
3433,800.56,RS
3433,763.75,IM
3433,740.25,W
1536,600.97,CH
1536,649.55,CM
1536,680.96,CS
1536,702.33,SH
1536,730.83,SM
1536,754.66,SS
1536,767.27,RH
1536,778.31,RM
1536,788.74,RS
1536,754.67,IM
1536,730.80,W
2106,593.88,CH
2106,647.88,CM
2106,680.20,CS
2106,699.46,SH
2106,725.97,SM
2106,747.65,SS
2106,762.96,RH
2106,773.18,RM
2106,784.88,RS
2106,747.65,IM
2106,725.97,W
3309,576.49,CH
3309,639.82,CM
3309,673.14,CS
3309,696.57,SH
3309,722.23,SM
3309,746.80,SS
3309,760.78,RH
3309,771.76,RM
3309,782.07,RS
3309,746.80,IM
3309,722.31,W
2162,591.97,CH
2162,648.31,CM
2162,678.51,CS
2162,698.31,SH
2162,721.95,SM
2162,742.40,SS
2162,757.75,RH
2162,767.86,RM
2162,777.36,RS
2162,742.40,IM
2162,721.95,W
3473,612.76,CH
3473,657.39,CM
3473,678.95,CS
3473,695.33,SH
3473,723.71,SM
3473,738.41,SS
3473,749.20,RH
3473,758.40,RM
3473,767.92,RS
3473,738.41,IM
3473,723.70,W
2050,579.86,CH
2050,627.30,CM
2050,659.19,CS
2050,678.45,SH
2050,694.15,SM
2050,724.05,SS
2050,735.00,RH
2050,744.61,RM
2050,753.82,RS
2050,724.05,IM
2050,694.78,W
2099,579.08,CH
2099,626.16,CM
2099,656.21,CS
2099,676.03,SH
2099,700.54,SM
2099,723.75,SS
2099,734.51,RH
2099,745.35,RM
2099,756.99,RS
2099,723.75,IM
2099,700.54,W
2099,660.06,D
2099,633.84,S
2116,577.05,CH
2116,625.23,CM
2116,653.15,CS
2116,673.80,SH
2116,698.96,SM
2116,722.27,SS
2116,736.36,RH
2116,747.56,RM
2116,758.14,RS
2116,722.26,IM
2116,698.96,W
3410,564.13,CH
3410,619.44,CM
3410,651.72,CS
3410,671.90,SH
3410,697.09,SM
3410,721.25,SS
3410,733.30,RH
3410,744.36,RM
3410,755.30,RS
3410,721.25,IM
3410,697.08,W
3216,583.88,CH
3216,627.43,CM
3216,657.67,CS
3216,675.04,SH
3216,697.68,SM
3216,719.02,SS
3216,734.60,RH
3216,745.57,RM
3216,755.44,RS
3216,719.02,IM
3216,697.66,W
2076,574.84,CH
2076,618.74,CM
2076,650.44,CS
2076,669.81,SH
2076,693.16,SM
2076,718.93,SS
2076,725.01,RH
2076,742.45,RM
2076,752.45,RS
2076,718.93,IM
2076,693.12,W
2142,579.35,CH
2142,624.28,CM
2142,653.09,CS
2142,667.98,SH
2142,696.83,SM
2142,718.62,SS
2142,727.22,RH
2142,735.35,RM
2142,744.46,RS
2142,718.62,IM
2142,697.06,W
2147,581.84,CH
2147,625.95,CM
2147,656.30,CS
2147,673.53,SH
2147,695.96,SM
2147,717.35,SS
2147,727.91,RH
2147,738.05,RM
2147,747.63,RS
2147,717.35,IM
2147,695.96,W
3469,565.80,CH
3469,612.86,CM
3469,644.12,CS
3469,664.52,SH
3469,686.70,SM
3469,710.80,SS
3469,719.83,RH
3469,730.75,RM
3469,740.37,RS
3469,710.80,IM
3469,686.65,W
3459,567.96,CH
3459,614.24,CM
3459,645.44,CS
3459,655.57,SH
3459,688.29,SM
3459,709.71,SS
3459,718.53,RH
3459,728.67,RM
3459,739.26,RS
3459,706.04,IM
3459,688.30,W
3459,653.31,D
3459,627.54,S
2078,557.77,CH
2078,602.18,CM
2078,631.73,CS
2078,652.57,SH
2078,678.54,SM
2078,702.26,SS
2078,713.20,RH
2078,723.12,RM
2078,734.95,RS
2078,702.27,IM
2078,678.36,W
2087,552.03,CH
2087,598.76,CM
2087,631.12,CS
2087,651.41,SH
2087,677.10,SM
2087,700.83,SS
2087,712.07,RH
2087,723.24,RM
2087,733.94,RS
2087,700.83,IM
2087,677.09,W
2112,544.61,CH
2112,589.50,CM
2112,621.47,CS
2112,653.26,SH
2112,677.36,SM
2112,700.23,SS
2112,710.05,RH
2112,720.53,RM
2112,730.22,RS
2112,700.23,IM
2112,677.36,W
1433,551.00,CH
1433,600.46,CM
1433,632.59,CS
1433,651.62,SH
1433,676.46,SM
1433,700.16,SS
1433,713.92,RH
1433,724.45,RM
1433,734.78,RS
1433,700.16,IM
1433,676.46,W
3522,486.44,CH
3522,569.66,CM
3522,624.19,CS
3522,640.24,SH
3522,666.79,SM
3522,699.58,SS
3522,709.20,RH
3522,716.93,RM
3522,725.00,RS
3522,699.56,IM
3522,666.79,W
3522,639.36,D
3522,586.95,S
2049,563.47,CH
2049,609.75,CM
2049,639.38,CS
2049,652.01,SH
2049,675.63,SM
2049,697.52,SS
2049,707.98,RH
2049,717.25,RM
2049,726.29,RS
2049,697.52,IM
2049,675.62,W
2103,554.09,CH
2103,596.93,CM
2103,627.02,CS
2103,644.89,SH
2103,669.87,SM
2103,692.85,SS
2103,705.62,RH
2103,716.99,RM
2103,727.72,RS
2103,692.85,IM
2103,670.00,W
1474,549.35,CH
1474,595.58,CM
1474,626.78,CS
1474,648.21,SH
1474,669.94,SM
1474,692.48,SS
1474,707.79,RH
1474,717.20,RM
1474,725.95,RS
1474,692.48,IM
1474,669.91,W
2124,546.66,CH
2124,591.23,CM
2124,620.79,CS
2124,639.35,SH
2124,666.86,SM
2124,690.31,SS
2124,702.67,RH
2124,713.35,RM
2124,723.72,RS
2124,690.31,IM
2124,666.84,W
3485,553.97,CH
3485,597.20,CM
3485,628.15,CS
3485,646.48,SH
3485,668.81,SM
3485,690.25,SS
3485,697.97,RH
3485,707.81,RM
3485,717.21,RS
3485,690.25,IM
3485,668.79,W
1551,540.58,CH
1551,590.16,CM
1551,621.02,CS
1551,640.15,SH
1551,666.21,SM
1551,689.68,SS
1551,698.71,RH
1551,708.78,RM
1551,718.27,RS
1551,689.68,IM
1551,666.20,W
2121,546.18,CH
2121,587.06,CM
2121,616.39,CS
2121,637.26,SH
2121,663.32,SM
2121,689.05,SS
2121,691.81,RH
2121,701.79,RM
2121,712.45,RS
2121,689.05,IM
2121,663.32,W
2122,529.95,CH
2122,578.50,CM
2122,622.34,CS
2122,641.23,SH
2122,666.20,SM
2122,688.99,SS
2122,702.75,RH
2122,713.07,RM
2122,723.83,RS
2122,688.99,IM
2122,666.20,W
2098,541.54,CH
2098,588.74,CM
2098,619.17,CS
2098,634.14,SH
2098,658.97,SM
2098,685.91,SS
2098,693.25,RH
2098,704.68,RM
2098,715.27,RS
2098,685.91,IM
2098,658.95,W
3392,544.69,CH
3392,589.28,CM
3392,620.00,CS
3392,637.10,SH
3392,662.35,SM
3392,684.69,SS
3392,697.15,RH
3392,707.38,RM
3392,716.95,RS
3392,684.69,IM
3392,662.35,W
3426,530.57,CH
3426,587.61,CM
3426,622.36,CS
3426,638.89,SH
3426,660.95,SM
3426,684.34,SS
3426,697.05,RH
3426,706.45,RM
3426,716.18,RS
3426,684.34,IM
3426,661.17,W
3426,626.85,D
3426,599.23,S
3398,544.35,CH
3398,592.47,CM
3398,620.21,CS
3398,640.38,SH
3398,663.27,SM
3398,683.98,SS
3398,693.46,RH
3398,702.80,RM
3398,712.50,RS
3398,683.97,IM
3398,663.27,W
2055,543.65,CH
2055,594.50,CM
2055,622.19,CS
2055,640.43,SH
2055,663.10,SM
2055,683.63,SS
2055,696.42,RH
2055,707.27,RM
2055,717.40,RS
2055,683.62,IM
2055,662.21,W
3267,543.36,CH
3267,591.41,CM
3267,623.63,CS
3267,638.45,SH
3267,661.44,SM
3267,682.18,SS
3267,692.90,RH
3267,702.11,RM
3267,710.87,RS
3267,682.17,IM
3267,661.42,W
3346,533.11,CH
3346,586.21,CM
3346,617.58,CS
3346,638.46,SH
3346,657.52,SM
3346,680.35,SS
3346,693.80,RH
3346,703.11,RM
3346,711.96,RS
3346,680.35,IM
3346,657.54,W
3346,630.01,D
3346,603.57,S
1540,539.32,CH
1540,587.00,CM
1540,619.43,CS
1540,637.79,SH
1540,660.63,SM
1540,679.68,SS
1540,689.51,RH
1540,700.23,RM
1540,710.26,RS
1540,679.67,IM
1540,660.61,W
3400,537.52,CH
3400,583.51,CM
3400,613.11,CS
3400,632.23,SH
3400,656.49,SM
3400,677.85,SS
3400,688.18,RH
3400,697.10,RM
3400,706.20,RS
3400,677.85,IM
3400,656.48,W
3449,529.30,CH
3449,576.68,CM
3449,614.33,CS
3449,631.82,SH
3449,655.47,SM
3449,677.05,SS
3449,687.46,RH
3449,697.15,RM
3449,706.25,RS
3449,677.05,IM
3449,655.55,W
3449,625.32,D
3449,596.90,S
2117,532.68,CH
2117,578.07,CM
2117,609.65,CS
2117,629.10,SH
2117,653.65,SM
2117,676.48,SS
2117,690.11,RH
2117,701.13,RM
2117,711.47,RS
2117,676.48,IM
2117,653.65,W
2117,611.95,D
2117,584.41,S
3486,515.91,CH
3486,573.59,CM
3486,605.18,CS
3486,625.06,SH
3486,650.54,SM
3486,674.19,SS
3486,684.32,RH
3486,694.09,RM
3486,703.36,RS
3486,674.16,IM
3486,650.54,W
3486,609.97,D
3486,581.60,S
2174,536.20,CH
2174,580.76,CM
2174,607.14,CS
2174,630.63,SH
2174,652.21,SM
2174,673.89,SS
2174,684.22,RH
2174,693.59,RM
2174,703.07,RS
2174,673.90,IM
2174,652.21,W
1898,534.98,CH
1898,582.38,CM
1898,613.59,CS
1898,635.89,SH
1898,654.41,SM
1898,673.82,SS
1898,687.43,RH
1898,696.20,RM
1898,704.43,RS
1898,673.82,IM
1898,654.43,W
3541,533.19,CH
3541,575.26,CM
3541,610.60,CS
3541,629.06,SH
3541,650.77,SM
3541,673.18,SS
3541,683.32,RH
3541,693.62,RM
3541,704.08,RS
3541,673.18,IM
3541,650.75,W
3402,540.43,CH
3402,572.56,CM
3402,612.94,CS
3402,629.50,SH
3402,651.30,SM
3402,672.35,SS
3402,678.37,RH
3402,688.65,RM
3402,698.24,RS
3402,672.35,IM
3402,651.29,W
3297,533.65,CH
3297,576.05,CM
3297,605.48,CS
3297,623.35,SH
3297,647.52,SM
3297,671.19,SS
3297,678.57,RH
3297,688.41,RM
3297,698.40,RS
3297,671.19,IM
3297,647.51,W
3297,614.02,D
3297,586.99,S
2171,538.23,CH
2171,581.43,CM
2171,610.55,CS
2171,630.29,SH
2171,647.80,SM
2171,670.23,SS
2171,680.99,RH
2171,690.52,RM
2171,699.46,RS
2171,670.23,IM
2171,647.74,W
3412,539.59,CH
3412,583.03,CM
3412,612.63,CS
3412,629.09,SH
3412,650.19,SM
3412,669.16,SS
3412,673.83,RH
3412,682.87,RM
3412,692.39,RS
3412,669.16,IM
3412,650.20,W
3468,532.67,CH
3468,576.62,CM
3468,605.67,CS
3468,624.35,SH
3468,646.99,SM
3468,668.87,SS
3468,677.28,RH
3468,687.10,RM
3468,696.59,RS
3468,668.86,IM
3468,647.23,W
1770,530.93,CH
1770,573.39,CM
1770,603.98,CS
1770,621.65,SH
1770,645.87,SM
1770,667.36,SS
1770,678.95,RH
1770,688.40,RM
1770,697.34,RS
1770,667.36,IM
1770,645.86,W
1565,522.36,CH
1565,572.44,CM
1565,601.98,CS
1565,621.51,SH
1565,644.69,SM
1565,667.19,SS
1565,674.56,RH
1565,684.96,RM
1565,694.67,RS
1565,667.19,IM
1565,644.68,W
3495,529.37,CH
3495,574.55,CM
3495,604.06,CS
3495,624.62,SH
3495,646.33,SM
3495,665.76,SS
3495,674.51,RH
3495,683.70,RM
3495,692.49,RS
3495,665.76,IM
3495,645.85,W
3558,533.47,CH
3558,576.63,CM
3558,606.93,CS
3558,621.98,SH
3558,645.85,SM
3558,665.56,SS
3558,674.88,RH
3558,684.39,RM
3558,692.72,RS
3558,665.56,IM
3558,645.85,W
3558,618.38,D
3558,592.38,S
3533,524.83,CH
3533,568.82,CM
3533,600.43,CS
3533,618.99,SH
3533,643.30,SM
3533,665.03,SS
3533,673.08,RH
3533,682.63,RM
3533,691.31,RS
3533,665.03,IM
3533,643.28,W
3539,543.96,CH
3539,584.54,CM
3539,611.56,CS
3539,628.75,SH
3539,646.87,SM
3539,664.95,SS
3539,681.65,RH
3539,691.44,RM
3539,700.87,RS
3539,664.95,IM
3539,646.87,W
3539,624.94,D
3539,599.78,S
3409,513.63,CH
3409,566.27,CM
3409,597.37,CS
3409,619.34,SH
3409,642.65,SM
3409,664.23,SS
3409,675.82,RH
3409,685.73,RM
3409,696.10,RS
3409,664.23,IM
3409,642.56,W
1553,517.40,CH
1553,565.31,CM
1553,598.12,CS
1553,617.94,SH
1553,639.81,SM
1553,663.65,SS
1553,675.14,RH
1553,684.92,RM
1553,694.66,RS
1553,663.47,IM
1553,639.81,W
2095,532.35,CH
2095,565.50,CM
2095,596.50,CS
2095,612.44,SH
2095,640.01,SM
2095,663.52,SS
2095,682.83,RH
2095,694.08,RM
2095,704.28,RS
2095,663.53,IM
2095,640.00,W
2095,604.54,D
2095,583.73,S
3268,522.62,CH
3268,567.55,CM
3268,597.78,CS
3268,617.12,SH
3268,641.49,SM
3268,663.45,SS
3268,671.37,RH
3268,680.98,RM
3268,690.42,RS
3268,663.45,IM
3268,641.49,W
3268,605.25,D
3268,580.92,S
1722,522.76,CH
1722,568.77,CM
1722,596.60,CS
1722,618.72,SH
1722,641.22,SM
1722,662.81,SS
1722,672.16,RH
1722,682.29,RM
1722,692.02,RS
1722,662.82,IM
1722,641.17,W
1544,519.57,CH
1544,566.04,CM
1544,596.06,CS
1544,616.99,SH
1544,640.45,SM
1544,662.19,SS
1544,666.36,RH
1544,677.36,RM
1544,687.16,RS
1544,662.19,IM
1544,640.43,W
3338,477.33,CH
3338,546.76,CM
3338,591.07,CS
3338,614.96,SH
3338,637.74,SM
3338,661.43,SS
3338,670.16,RH
3338,679.41,RM
3338,688.29,RS
3338,661.43,IM
3338,637.87,W
3338,601.28,D
3338,563.30,S
1506,522.27,CH
1506,564.46,CM
1506,595.10,CS
1506,614.51,SH
1506,638.55,SM
1506,661.28,SS
1506,664.65,RH
1506,673.96,RM
1506,682.89,RS
1506,661.28,IM
1506,638.51,W
3393,525.49,CH
3393,567.87,CM
3393,595.51,CS
3393,615.01,SH
3393,638.51,SM
3393,659.96,SS
3393,673.64,RH
3393,683.78,RM
3393,695.98,RS
3393,659.96,IM
3393,638.51,W
3332,512.74,CH
3332,559.80,CM
3332,591.45,CS
3332,610.95,SH
3332,636.01,SM
3332,658.89,SS
3332,671.91,RH
3332,681.68,RM
3332,693.31,RS
3332,658.89,IM
3332,635.95,W
3387,510.73,CH
3387,558.26,CM
3387,589.75,CS
3387,609.22,SH
3387,633.93,SM
3387,656.70,SS
3387,667.75,RH
3387,677.06,RM
3387,686.23,RS
3387,656.70,IM
3387,633.93,W
3387,597.62,D
3387,569.06,S
1504,523.40,CH
1504,566.42,CM
1504,596.63,CS
1504,615.97,SH
1504,638.69,SM
1504,655.85,SS
1504,665.29,RH
1504,674.48,RM
1504,683.52,RS
1504,655.84,IM
1504,638.68,W
3362,521.01,CH
3362,564.02,CM
3362,593.75,CS
3362,611.75,SH
3362,634.79,SM
3362,655.10,SS
3362,665.96,RH
3362,676.09,RM
3362,686.12,RS
3362,655.10,IM
3362,635.14,W
3476,512.56,CH
3476,556.01,CM
3476,586.13,CS
3476,605.80,SH
3476,629.30,SM
3476,651.15,SS
3476,664.41,RH
3476,675.32,RM
3476,685.41,RS
3476,651.15,IM
3476,629.26,W
3476,593.33,D
3476,566.95,S
3339,493.98,CH
3339,547.15,CM
3339,579.30,CS
3339,601.63,SH
3339,627.73,SM
3339,650.17,SS
3339,664.07,RH
3339,674.35,RM
3339,684.25,RS
3339,650.17,IM
3339,627.69,W
1409,515.54,CH
1409,559.50,CM
1409,588.11,CS
1409,607.91,SH
1409,631.31,SM
1409,650.11,SS
1409,659.33,RH
1409,668.59,RM
1409,674.93,RS
1409,650.11,IM
1409,631.67,W
1480,513.29,CH
1480,562.10,CM
1480,594.38,CS
1480,612.03,SH
1480,632.19,SM
1480,649.81,SS
1480,662.56,RH
1480,671.53,RM
1480,680.60,RS
1480,649.81,IM
1480,632.37,W
1480,605.32,D
1480,578.56,S
1545,513.30,CH
1545,555.64,CM
1545,586.59,CS
1545,603.45,SH
1545,627.05,SM
1545,649.29,SS
1545,658.76,RH
1545,668.01,RM
1545,677.00,RS
1545,648.74,IM
1545,627.05,W
3416,509.43,CH
3416,554.86,CM
3416,585.08,CS
3416,605.95,SH
3416,629.46,SM
3416,648.64,SS
3416,659.16,RH
3416,668.18,RM
3416,676.43,RS
3416,648.65,IM
3416,629.46,W
3390,513.65,CH
3390,559.04,CM
3390,586.68,CS
3390,604.46,SH
3390,627.85,SM
3390,647.93,SS
3390,654.12,RH
3390,663.05,RM
3390,672.26,RS
3390,647.91,IM
3390,627.87,W
3345,517.34,CH
3345,560.18,CM
3345,590.05,CS
3345,609.11,SH
3345,628.33,SM
3345,645.88,SS
3345,651.31,RH
3345,661.57,RM
3345,668.65,RS
3345,645.90,IM
3345,627.87,W
3345,602.35,D
3345,576.50,S
1528,509.11,CH
1528,551.30,CM
1528,580.08,CS
1528,598.27,SH
1528,622.07,SM
1528,645.18,SS
1528,655.41,RH
1528,665.01,RM
1528,673.87,RS
1528,645.18,IM
1528,622.07,W
1956,506.05,CH
1956,554.74,CM
1956,585.57,CS
1956,603.41,SH
1956,624.57,SM
1956,643.82,SS
1956,651.96,RH
1956,660.69,RM
1956,669.62,RS
1956,643.82,IM
1956,624.51,W
1956,592.89,D
1956,563.04,S
1990,504.32,CH
1990,547.60,CM
1990,578.00,CS
1990,597.81,SH
1990,621.22,SM
1990,643.12,SS
1990,650.80,RH
1990,657.30,RM
1990,666.34,RS
1990,643.12,IM
1990,620.92,W
315,499.38,CH
315,547.56,CM
315,580.39,CS
315,599.73,SH
315,622.82,SM
315,642.81,SS
315,650.58,RH
315,657.89,RM
315,665.98,RS
315,642.81,IM
315,622.59,W
315,585.40,D
315,560.17,S
1378,502.66,CH
1378,547.17,CM
1378,579.48,CS
1378,599.37,SH
1378,619.20,SM
1378,642.69,SS
1378,649.49,RH
1378,658.64,RM
1378,666.82,RS
1378,642.68,IM
1378,619.21,W
1426,506.77,CH
1426,550.81,CM
1426,580.07,CS
1426,599.22,SH
1426,623.51,SM
1426,642.45,SS
1426,649.73,RH
1426,658.94,RM
1426,668.12,RS
1426,642.45,IM
1426,623.62,W
2080,499.85,CH
2080,539.08,CM
2080,571.20,CS
2080,600.79,SH
2080,623.20,SM
2080,642.28,SS
2080,645.57,RH
2080,654.76,RM
2080,663.62,RS
2080,642.28,IM
2080,623.19,W
1581,501.42,CH
1581,546.99,CM
1581,576.78,CS
1581,595.05,SH
1581,621.77,SM
1581,642.09,SS
1581,652.62,RH
1581,663.56,RM
1581,674.46,RS
1581,642.09,IM
1581,621.72,W
1581,589.80,D
1581,562.92,S
3457,501.24,CH
3457,547.77,CM
3457,578.79,CS
3457,597.91,SH
3457,621.64,SM
3457,641.21,SS
3457,652.88,RH
3457,662.45,RM
3457,671.17,RS
3457,641.21,IM
3457,621.48,W
543,507.52,CH
543,549.58,CM
543,578.72,CS
543,596.49,SH
543,619.19,SM
543,640.63,SS
543,646.25,RH
543,656.72,RM
543,666.81,RS
543,640.62,IM
543,619.37,W
543,592.94,D
543,565.24,S
1562,506.90,CH
1562,549.05,CM
1562,582.32,CS
1562,594.94,SH
1562,617.06,SM
1562,638.04,SS
1562,648.08,RH
1562,656.16,RM
1562,665.42,RS
1562,638.04,IM
1562,617.06,W
2109,501.51,CH
2109,544.74,CM
2109,569.19,CS
2109,589.21,SH
2109,614.68,SM
2109,637.74,SS
2109,646.79,RH
2109,656.37,RM
2109,666.11,RS
2109,637.74,IM
2109,614.61,W
2109,586.60,D
2109,560.41,S
3411,500.65,CH
3411,547.04,CM
3411,578.10,CS
3411,591.38,SH
3411,616.54,SM
3411,636.55,SS
3411,646.65,RH
3411,655.47,RM
3411,664.61,RS
3411,636.55,IM
3411,616.52,W
3411,585.11,D
3411,560.70,S
1907,502.59,CH
1907,543.25,CM
1907,571.02,CS
1907,590.54,SH
1907,614.45,SM
1907,635.31,SS
1907,646.73,RH
1907,655.51,RM
1907,662.35,RS
1907,635.31,IM
1907,614.44,W
1907,586.23,D
1907,559.47,S
2149,498.89,CH
2149,540.40,CM
2149,565.71,CS
2149,582.09,SH
2149,607.23,SM
2149,633.64,SS
2149,640.16,RH
2149,642.06,RM
2149,656.10,RS
2149,633.64,IM
2149,607.21,W
2152,490.35,CH
2152,540.85,CM
2152,574.30,CS
2152,593.07,SH
2152,615.72,SM
2152,633.43,SS
2152,639.74,RH
2152,647.74,RM
2152,656.90,RS
2152,633.40,IM
2152,615.65,W
2152,581.26,D
2152,550.72,S
3210,497.69,CH
3210,540.37,CM
3210,569.88,CS
3210,589.60,SH
3210,613.16,SM
3210,632.75,SS
3210,645.18,RH
3210,654.14,RM
3210,662.94,RS
3210,632.75,IM
3210,613.14,W
3225,504.39,CH
3225,547.57,CM
3225,575.44,CS
3225,592.80,SH
3225,612.35,SM
3225,631.54,SS
3225,635.83,RH
3225,645.01,RM
3225,653.79,RS
3225,631.53,IM
3225,612.40,W
3553,504.94,CH
3553,548.25,CM
3553,577.95,CS
3553,594.66,SH
3553,614.16,SM
3553,630.42,SS
3553,636.05,RH
3553,645.65,RM
3553,651.40,RS
3553,630.35,IM
3553,613.10,W
3553,586.31,D
3553,563.12,S
2167,504.53,CH
2167,548.15,CM
2167,577.52,CS
2167,594.28,SH
2167,613.75,SM
2167,630.32,SS
2167,635.50,RH
2167,644.00,RM
2167,651.00,RS
2167,630.00,IM
2167,612.78,W
2167,585.86,D
2167,562.50,S
3343,498.51,CH
3343,542.79,CM
3343,570.49,CS
3343,589.33,SH
3343,611.31,SM
3343,630.29,SS
3343,635.46,RH
3343,643.97,RM
3343,653.04,RS
3343,630.29,IM
3343,611.30,W
3406,487.68,CH
3406,542.50,CM
3406,574.66,CS
3406,592.07,SH
3406,611.95,SM
3406,630.00,SS
3406,637.18,RH
3406,646.68,RM
3406,655.89,RS
3406,629.98,IM
3406,611.95,W
1507,500.85,CH
1507,546.10,CM
1507,577.55,CS
1507,590.20,SH
1507,612.52,SM
1507,628.48,SS
1507,642.00,RH
1507,650.42,RM
1507,659.09,RS
1507,628.48,IM
1507,612.51,W
3518,493.78,CH
3518,537.54,CM
3518,564.75,CS
3518,584.48,SH
3518,608.70,SM
3518,628.14,SS
3518,638.98,RH
3518,649.12,RM
3518,657.79,RS
3518,628.14,IM
3518,608.70,W
3518,577.66,D
3518,551.11,S
3526,481.96,CH
3526,528.09,CM
3526,558.11,CS
3526,577.98,SH
3526,601.89,SM
3526,625.58,SS
3526,636.53,RH
3526,646.58,RM
3526,656.01,RS
3526,625.44,IM
3526,601.89,W
3526,570.63,D
3526,544.44,S
1582,486.98,CH
1582,531.61,CM
1582,561.46,CS
1582,580.53,SH
1582,603.49,SM
1582,623.99,SS
1582,633.88,RH
1582,643.25,RM
1582,652.39,RS
1582,623.98,IM
1582,603.50,W
2146,491.86,CH
2146,536.17,CM
2146,563.22,CS
2146,581.26,SH
2146,602.68,SM
2146,619.41,SS
2146,624.44,RH
2146,632.29,RM
2146,640.83,RS
2146,619.40,IM
2146,602.68,W
3296,471.99,CH
3296,518.10,CM
3296,549.76,CS
3296,569.07,SH
3296,593.95,SM
3296,619.16,SS
3296,628.76,RH
3296,639.38,RM
3296,649.39,RS
3296,619.17,IM
3296,593.60,W
3296,560.58,D
3296,535.35,S
1402,484.20,CH
1402,529.12,CM
1402,562.00,CS
1402,577.93,SH
1402,601.40,SM
1402,618.52,SS
1402,625.82,RH
1402,634.09,RM
1402,642.54,RS
1402,618.53,IM
1402,601.63,W
1402,569.19,D
1402,543.00,S
3488,482.45,CH
3488,524.57,CM
3488,554.90,CS
3488,573.29,SH
3488,596.79,SM
3488,617.69,SS
3488,625.25,RH
3488,633.94,RM
3488,642.41,RS
3488,617.62,IM
3488,596.79,W
2156,463.44,CH
2156,513.41,CM
2156,546.30,CS
2156,568.89,SH
2156,594.57,SM
2156,617.56,SS
2156,627.07,RH
2156,636.43,RM
2156,646.59,RS
2156,617.57,IM
2156,594.55,W
3219,482.47,CH
3219,524.05,CM
3219,554.68,CS
3219,573.39,SH
3219,596.49,SM
3219,616.61,SS
3219,628.65,RH
3219,637.71,RM
3219,646.18,RS
3219,616.61,IM
3219,596.47,W
3219,566.95,D
3219,541.72,S
3519,478.20,CH
3519,519.63,CM
3519,549.50,CS
3519,567.77,SH
3519,591.69,SM
3519,616.30,SS
3519,625.67,RH
3519,632.70,RM
3519,647.45,RS
3519,616.29,IM
3519,591.57,W
3519,561.10,D
3519,535.35,S
3299,476.70,CH
3299,523.60,CM
3299,553.69,CS
3299,572.90,SH
3299,594.58,SM
3299,616.21,SS
3299,625.38,RH
3299,636.18,RM
3299,645.97,RS
3299,616.22,IM
3299,594.58,W
3299,565.13,D
3299,537.93,S
1916,479.29,CH
1916,523.39,CM
1916,554.10,CS
1916,575.26,SH
1916,597.59,SM
1916,615.39,SS
1916,623.20,RH
1916,631.81,RM
1916,640.25,RS
1916,615.39,IM
1916,597.37,W
1916,565.13,D
1916,538.77,S
3306,473.08,CH
3306,517.81,CM
3306,550.16,CS
3306,567.63,SH
3306,593.37,SM
3306,615.34,SS
3306,626.70,RH
3306,637.21,RM
3306,648.12,RS
3306,615.34,IM
3306,593.35,W
3306,557.64,D
3306,529.79,S
3525,476.61,CH
3525,520.45,CM
3525,549.96,CS
3525,570.00,SH
3525,593.89,SM
3525,615.34,SS
3525,626.57,RH
3525,636.49,RM
3525,647.33,RS
3525,615.34,IM
3525,593.80,W
1935,485.64,CH
1935,527.10,CM
1935,556.20,CS
1935,571.89,SH
1935,593.71,SM
1935,615.20,SS
1935,621.21,RH
1935,630.38,RM
1935,636.82,RS
1935,615.20,IM
1935,593.67,W
3458,479.31,CH
3458,524.59,CM
3458,553.59,CS
3458,573.16,SH
3458,595.54,SM
3458,614.86,SS
3458,626.79,RH
3458,636.24,RM
3458,644.88,RS
3458,614.86,IM
3458,595.54,W
3458,567.03,D
3458,541.19,S
3300,472.18,CH
3300,517.61,CM
3300,548.28,CS
3300,567.87,SH
3300,592.30,SM
3300,614.65,SS
3300,625.54,RH
3300,635.86,RM
3300,646.89,RS
3300,614.54,IM
3300,592.42,W
3300,555.47,D
3300,529.76,S
1484,479.51,CH
1484,522.77,CM
1484,552.11,CS
1484,571.22,SH
1484,593.89,SM
1484,613.91,SS
1484,624.85,RH
1484,633.47,RM
1484,642.14,RS
1484,613.91,IM
1484,593.89,W
187,478.61,CH
187,521.30,CM
187,553.10,CS
187,571.67,SH
187,592.89,SM
187,613.86,SS
187,623.85,RH
187,635.06,RM
187,643.18,RS
187,613.86,IM
187,592.99,W
187,562.28,D
187,536.99,S
3359,488.56,CH
3359,529.09,CM
3359,558.10,CS
3359,577.81,SH
3359,600.55,SM
3359,613.52,SS
3359,624.87,RH
3359,632.89,RM
3359,641.29,RS
3359,613.52,IM
3359,600.51,W
3359,570.84,D
3359,545.95,S
2017,480.47,CH
2017,523.82,CM
2017,554.49,CS
2017,572.60,SH
2017,593.63,SM
2017,613.20,SS
2017,626.15,RH
2017,635.00,RM
2017,643.57,RS
2017,613.16,IM
2017,593.87,W
2017,564.36,D
2017,540.03,S
1431,470.98,CH
1431,518.65,CM
1431,546.14,CS
1431,566.15,SH
1431,590.59,SM
1431,612.73,SS
1431,623.07,RH
1431,632.34,RM
1431,641.24,RS
1431,612.70,IM
1431,590.55,W
3301,474.61,CH
3301,516.90,CM
3301,545.30,CS
3301,565.07,SH
3301,589.69,SM
3301,611.50,SS
3301,612.96,RH
3301,623.99,RM
3301,633.81,RS
3301,611.49,IM
3301,590.18,W
3301,559.22,D
3301,530.04,S
3391,479.82,CH
3391,522.87,CM
3391,552.44,CS
3391,570.33,SH
3391,591.79,SM
3391,611.34,SS
3391,622.41,RH
3391,631.54,RM
3391,640.61,RS
3391,611.34,IM
3391,591.96,W
3391,559.16,D
3391,533.09,S
3540,487.08,CH
3540,529.18,CM
3540,557.67,CS
3540,576.38,SH
3540,597.39,SM
3540,610.95,SS
3540,623.77,RH
3540,632.82,RM
3540,634.27,RS
3540,610.96,IM
3540,597.38,W
1926,474.44,CH
1926,521.01,CM
1926,549.20,CS
1926,567.86,SH
1926,589.29,SM
1926,608.57,SS
1926,617.97,RH
1926,624.03,RM
1926,634.95,RS
1926,608.57,IM
1926,589.28,W
2178,467.13,CH
2178,511.03,CM
2178,541.75,CS
2178,560.56,SH
2178,584.58,SM
2178,608.31,SS
2178,617.34,RH
2178,625.98,RM
2178,634.37,RS
2178,608.31,IM
2178,584.60,W
3209,469.82,CH
3209,512.77,CM
3209,542.89,CS
3209,562.89,SH
3209,586.33,SM
3209,606.28,SS
3209,615.07,RH
3209,624.45,RM
3209,633.81,RS
3209,606.28,IM
3209,586.32,W
2074,469.75,CH
2074,514.66,CM
2074,542.09,CS
2074,562.39,SH
2074,584.76,SM
2074,606.05,SS
2074,616.25,RH
2074,625.07,RM
2074,631.38,RS
2074,606.05,IM
2074,584.76,W
1549,462.65,CH
1549,506.65,CM
1549,543.90,CS
1549,558.84,SH
1549,582.60,SM
1549,604.62,SS
1549,616.66,RH
1549,626.09,RM
1549,635.32,RS
1549,604.63,IM
1549,582.62,W
1373,467.80,CH
1373,512.28,CM
1373,540.88,CS
1373,562.51,SH
1373,585.92,SM
1373,603.07,SS
1373,612.65,RH
1373,621.41,RM
1373,629.90,RS
1373,603.07,IM
1373,585.64,W
1373,552.46,D
1373,524.59,S
1365,475.99,CH
1365,516.77,CM
1365,547.21,CS
1365,557.67,SH
1365,584.53,SM
1365,603.04,SS
1365,604.74,RH
1365,613.76,RM
1365,622.56,RS
1365,603.04,IM
1365,584.47,W
3548,478.24,CH
3548,517.09,CM
3548,546.44,CS
3548,559.77,SH
3548,581.91,SM
3548,602.85,SS
3548,602.24,RH
3548,614.29,RM
3548,621.87,RS
3548,602.66,IM
3548,581.74,W
3548,550.55,D
3548,530.11,S
1481,464.92,CH
1481,508.91,CM
1481,540.08,CS
1481,558.65,SH
1481,582.52,SM
1481,602.61,SS
1481,603.85,RH
1481,618.41,RM
1481,620.72,RS
1481,602.61,IM
1481,582.70,W
3304,475.16,CH
3304,516.54,CM
3304,546.25,CS
3304,557.44,SH
3304,580.06,SM
3304,601.45,SS
3304,606.58,RH
3304,617.62,RM
3304,628.48,RS
3304,601.42,IM
3304,579.57,W
3304,556.30,D
3304,530.23,S
3303,467.70,CH
3303,515.96,CM
3303,541.83,CS
3303,559.29,SH
3303,582.68,SM
3303,599.09,SS
3303,612.79,RH
3303,622.05,RM
3303,632.04,RS
3303,599.09,IM
3303,582.65,W
3303,556.07,D
3303,530.47,S
3217,463.62,CH
3217,508.73,CM
3217,542.20,CS
3217,561.86,SH
3217,581.18,SM
3217,598.42,SS
3217,606.79,RH
3217,615.03,RM
3217,624.09,RS
3217,598.42,IM
3217,581.15,W
3217,549.37,D
3217,523.67,S
2018,462.70,CH
2018,506.43,CM
2018,535.94,CS
2018,554.21,SH
2018,575.05,SM
2018,596.59,SS
2018,607.11,RH
2018,615.38,RM
2018,623.63,RS
2018,596.59,IM
2018,575.05,W
2139,463.22,CH
2139,507.61,CM
2139,539.37,CS
2139,557.68,SH
2139,577.92,SM
2139,596.29,SS
2139,600.86,RH
2139,609.42,RM
2139,618.00,RS
2139,596.26,IM
2139,577.92,W
3358,462.88,CH
3358,504.18,CM
3358,533.85,CS
3358,550.83,SH
3358,574.26,SM
3358,596.10,SS
3358,602.12,RH
3358,605.12,RM
3358,615.24,RS
3358,596.10,IM
3358,574.26,W
3358,545.01,D
3358,520.72,S
2175,460.56,CH
2175,504.29,CM
2175,532.20,CS
2175,553.26,SH
2175,577.97,SM
2175,595.59,SS
2175,605.39,RH
2175,614.19,RM
2175,621.64,RS
2175,593.05,IM
2175,577.81,W
1578,466.04,CH
1578,507.80,CM
1578,537.94,CS
1578,558.14,SH
1578,581.72,SM
1578,595.58,SS
1578,606.72,RH
1578,615.73,RM
1578,624.27,RS
1578,595.19,IM
1578,581.67,W
1578,548.91,D
1578,523.19,S
2010,468.94,CH
2010,513.84,CM
2010,541.21,CS
2010,552.83,SH
2010,577.41,SM
2010,593.35,SS
2010,600.61,RH
2010,609.08,RM
2010,617.92,RS
2010,593.35,IM
2010,577.40,W
3418,458.05,CH
3418,501.32,CM
3418,530.28,CS
3418,549.57,SH
3418,571.30,SM
3418,592.13,SS
3418,603.64,RH
3418,612.22,RM
3418,621.10,RS
3418,592.13,IM
3418,571.31,W
3418,539.83,D
3418,514.18,S
3557,444.77,CH
3557,492.39,CM
3557,523.30,CS
3557,544.28,SH
3557,568.29,SM
3557,590.96,SS
3557,603.20,RH
3557,614.37,RM
3557,622.91,RS
3557,590.96,IM
3557,568.35,W
3504,457.70,CH
3504,503.57,CM
3504,533.40,CS
3504,550.70,SH
3504,570.86,SM
3504,590.42,SS
3504,600.26,RH
3504,609.48,RM
3504,617.98,RS
3504,590.41,IM
3504,570.86,W
3504,538.54,D
3504,515.72,S
3227,459.23,CH
3227,503.96,CM
3227,535.29,CS
3227,552.26,SH
3227,573.82,SM
3227,590.18,SS
3227,596.70,RH
3227,603.70,RM
3227,611.75,RS
3227,590.15,IM
3227,573.82,W
3364,447.08,CH
3364,492.65,CM
3364,524.73,CS
3364,544.07,SH
3364,569.68,SM
3364,589.89,SS
3364,599.50,RH
3364,608.50,RM
3364,617.50,RS
3364,589.89,IM
3364,569.58,W
1410,456.24,CH
1410,498.65,CM
1410,527.01,CS
1410,546.55,SH
1410,570.46,SM
1410,589.44,SS
1410,600.02,RH
1410,608.97,RM
1410,613.29,RS
1410,589.44,IM
1410,570.25,W
3483,455.14,CH
3483,497.05,CM
3483,526.50,CS
3483,548.81,SH
3483,568.29,SM
3483,589.06,SS
3483,596.64,RH
3483,605.83,RM
3483,614.88,RS
3483,589.06,IM
3483,568.29,W
3520,453.33,CH
3520,495.53,CM
3520,525.26,CS
3520,542.50,SH
3520,565.75,SM
3520,588.44,SS
3520,593.15,RH
3520,604.41,RM
3520,613.64,RS
3520,588.40,IM
3520,565.78,W
3520,534.05,D
3520,508.19,S
3369,454.33,CH
3369,495.56,CM
3369,525.56,CS
3369,545.72,SH
3369,567.35,SM
3369,587.04,SS
3369,595.55,RH
3369,604.42,RM
3369,612.58,RS
3369,587.03,IM
3369,567.23,W
3434,452.92,CH
3434,493.80,CM
3434,523.32,CS
3434,542.75,SH
3434,566.24,SM
3434,586.24,SS
3434,590.38,RH
3434,598.86,RM
3434,607.05,RS
3434,586.25,IM
3434,561.25,W
1399,455.21,CH
1399,498.15,CM
1399,527.78,CS
1399,546.59,SH
1399,566.20,SM
1399,585.59,SS
1399,595.63,RH
1399,604.79,RM
1399,610.91,RS
1399,585.59,IM
1399,566.26,W
2138,451.43,CH
2138,498.40,CM
2138,526.72,CS
2138,544.54,SH
2138,566.12,SM
2138,585.45,SS
2138,593.08,RH
2138,602.24,RM
2138,611.30,RS
2138,585.45,IM
2138,566.24,W
2138,534.43,D
2138,508.97,S
3437,446.88,CH
3437,488.43,CM
3437,517.65,CS
3437,536.54,SH
3437,559.54,SM
3437,584.48,SS
3437,593.90,RH
3437,608.75,RM
3437,618.37,RS
3437,584.48,IM
3437,559.73,W
3437,528.23,D
3437,499.17,S
3505,446.88,CH
3505,488.43,CM
3505,517.65,CS
3505,536.54,SH
3505,559.54,SM
3505,584.48,SS
3505,593.90,RH
3505,608.75,RM
3505,618.37,RS
3505,584.48,IM
3505,559.73,W
3505,528.23,D
3505,499.17,S
1689,447.93,CH
1689,490.76,CM
1689,520.96,CS
1689,541.15,SH
1689,562.35,SM
1689,582.49,SS
1689,594.83,RH
1689,602.35,RM
1689,613.80,RS
1689,582.49,IM
1689,562.34,W
3367,449.39,CH
3367,492.69,CM
3367,521.70,CS
3367,540.90,SH
3367,563.03,SM
3367,582.16,SS
3367,593.97,RH
3367,603.12,RM
3367,611.48,RS
3367,582.16,IM
3367,563.05,W
3367,531.15,D
3367,504.94,S
1539,451.80,CH
1539,494.81,CM
1539,523.04,CS
1539,543.47,SH
1539,562.50,SM
1539,581.51,SS
1539,587.37,RH
1539,595.82,RM
1539,603.72,RS
1539,581.53,IM
1539,562.52,W
3546,452.72,CH
3546,494.15,CM
3546,525.09,CS
3546,540.32,SH
3546,563.30,SM
3546,581.14,SS
3546,587.98,RH
3546,596.61,RM
3546,604.72,RS
3546,581.12,IM
3546,563.29,W
3376,445.99,CH
3376,491.05,CM
3376,520.56,CS
3376,539.61,SH
3376,561.09,SM
3376,579.17,SS
3376,588.71,RH
3376,597.73,RM
3376,606.64,RS
3376,579.17,IM
3376,561.11,W
1893,449.13,CH
1893,491.89,CM
1893,521.71,CS
1893,538.30,SH
1893,559.49,SM
1893,578.21,SS
1893,592.90,RH
1893,602.71,RM
1893,611.31,RS
1893,578.21,IM
1893,559.76,W
3423,440.21,CH
3423,485.36,CM
3423,516.73,CS
3423,536.77,SH
3423,559.10,SM
3423,578.10,SS
3423,589.56,RH
3423,597.76,RM
3423,604.37,RS
3423,578.10,IM
3423,559.08,W
3423,535.39,D
3423,509.46,S
396,441.65,CH
396,482.92,CM
396,513.48,CS
396,532.19,SH
396,556.71,SM
396,577.76,SS
396,589.09,RH
396,597.68,RM
396,604.96,RS
396,577.76,IM
396,556.48,W
396,527.44,D
396,502.24,S
2059,442.81,CH
2059,487.84,CM
2059,518.40,CS
2059,537.07,SH
2059,558.11,SM
2059,577.68,SS
2059,589.89,RH
2059,598.35,RM
2059,606.82,RS
2059,577.68,IM
2059,558.10,W
942,448.36,CH
942,490.84,CM
942,524.10,CS
942,538.54,SH
942,556.94,SM
942,577.29,SS
942,583.70,RH
942,591.79,RM
942,600.51,RS
942,577.29,IM
942,556.93,W
942,526.89,D
942,502.14,S
1746,438.37,CH
1746,484.71,CM
1746,514.40,CS
1746,533.16,SH
1746,557.82,SM
1746,576.16,SS
1746,581.60,RH
1746,595.15,RM
1746,604.95,RS
1746,576.16,IM
1746,557.88,W
3404,443.53,CH
3404,484.30,CM
3404,513.65,CS
3404,531.19,SH
3404,556.67,SM
3404,575.53,SS
3404,580.11,RH
3404,588.55,RM
3404,597.54,RS
3404,575.53,IM
3404,556.65,W
3404,522.78,D
3404,499.58,S
1896,442.13,CH
1896,484.82,CM
1896,514.57,CS
1896,533.86,SH
1896,555.91,SM
1896,574.85,SS
1896,583.93,RH
1896,592.37,RM
1896,600.41,RS
1896,574.84,IM
1896,555.90,W
3363,442.38,CH
3363,487.04,CM
3363,514.45,CS
3363,533.05,SH
3363,555.22,SM
3363,573.63,SS
3363,582.67,RH
3363,592.70,RM
3363,600.97,RS
3363,573.63,IM
3363,555.22,W
293,439.99,CH
293,479.63,CM
293,509.22,CS
293,527.14,SH
293,552.63,SM
293,573.45,SS
293,584.85,RH
293,593.75,RM
293,602.61,RS
293,573.44,IM
293,552.57,W
293,525.11,D
293,499.18,S
3439,439.99,CH
3439,480.37,CM
3439,510.69,CS
3439,528.37,SH
3439,551.71,SM
3439,573.43,SS
3439,580.70,RH
3439,590.28,RM
3439,597.63,RS
3439,573.43,IM
3439,551.67,W
3439,520.88,D
3439,495.62,S
3490,442.56,CH
3490,483.15,CM
3490,512.76,CS
3490,531.74,SH
3490,554.23,SM
3490,572.96,SS
3490,582.70,RH
3490,591.97,RM
3490,601.05,RS
3490,572.96,IM
3490,554.21,W
2136,443.57,CH
2136,484.81,CM
2136,513.77,CS
2136,530.47,SH
2136,553.62,SM
2136,572.77,SS
2136,581.06,RH
2136,590.37,RM
2136,599.77,RS
2136,572.77,IM
2136,553.60,W
2136,524.62,D
2136,500.52,S
3337,438.16,CH
3337,478.85,CM
3337,508.14,CS
3337,527.60,SH
3337,552.62,SM
3337,572.34,SS
3337,570.71,RH
3337,581.20,RM
3337,588.85,RS
3337,572.34,IM
3337,552.55,W
3337,521.59,D
3337,496.28,S
2169,446.25,CH
2169,490.80,CM
2169,520.21,CS
2169,533.76,SH
2169,553.87,SM
2169,572.04,SS
2169,576.34,RH
2169,585.11,RM
2169,598.71,RS
2169,572.04,IM
2169,553.87,W
2169,526.13,D
2169,504.68,S
3536,432.51,CH
3536,476.59,CM
3536,508.42,CS
3536,529.02,SH
3536,551.46,SM
3536,571.08,SS
3536,575.02,RH
3536,588.37,RM
3536,597.21,RS
3536,571.07,IM
3536,551.35,W
3536,521.27,D
3536,492.09,S
3420,442.09,CH
3420,482.58,CM
3420,510.02,CS
3420,528.08,SH
3420,548.42,SM
3420,567.39,SS
3420,571.88,RH
3420,580.79,RM
3420,588.47,RS
3420,567.45,IM
3420,548.54,W
3420,518.92,D
3420,499.15,S
818,436.32,CH
818,484.63,CM
818,512.46,CS
818,527.20,SH
818,548.86,SM
818,567.31,SS
818,574.35,RH
818,585.37,RM
818,593.35,RS
818,567.28,IM
818,548.97,W
818,522.25,D
818,498.53,S
3341,430.70,CH
3341,474.12,CM
3341,504.08,CS
3341,522.73,SH
3341,545.08,SM
3341,566.47,SS
3341,565.71,RH
3341,573.69,RM
3341,581.78,RS
3341,566.47,IM
3341,544.90,W
3341,519.69,D
3341,493.97,S
205,435.55,CH
205,478.74,CM
205,506.80,CS
205,526.82,SH
205,547.95,SM
205,566.10,SS
205,578.52,RH
205,586.53,RM
205,593.76,RS
205,566.11,IM
205,548.00,W
205,517.80,D
205,492.97,S
3467,431.61,CH
3467,473.96,CM
3467,503.68,CS
3467,522.74,SH
3467,544.79,SM
3467,565.35,SS
3467,574.38,RH
3467,582.95,RM
3467,591.05,RS
3467,565.34,IM
3467,544.79,W
3467,517.48,D
3467,490.14,S
3385,433.05,CH
3385,474.35,CM
3385,502.57,CS
3385,522.53,SH
3385,545.01,SM
3385,565.17,SS
3385,573.93,RH
3385,583.96,RM
3385,592.71,RS
3385,565.17,IM
3385,544.98,W
3385,516.14,D
3385,492.62,S
1931,436.55,CH
1931,481.14,CM
1931,507.87,CS
1931,523.37,SH
1931,544.09,SM
1931,564.87,SS
1931,573.52,RH
1931,581.71,RM
1931,590.79,RS
1931,564.87,IM
1931,544.09,W
3389,432.36,CH
3389,475.14,CM
3389,503.17,CS
3389,523.05,SH
3389,546.43,SM
3389,564.83,SS
3389,572.36,RH
3389,581.09,RM
3389,590.35,RS
3389,565.58,IM
3389,545.61,W
3388,431.50,CH
3388,474.58,CM
3388,504.48,CS
3388,522.98,SH
3388,544.73,SM
3388,563.80,SS
3388,573.32,RH
3388,582.44,RM
3388,591.20,RS
3388,563.79,IM
3388,544.73,W
1458,434.30,CH
1458,479.18,CM
1458,506.40,CS
1458,524.49,SH
1458,544.28,SM
1458,563.47,SS
1458,570.58,RH
1458,578.82,RM
1458,587.42,RS
1458,563.46,IM
1458,544.09,W
1458,515.84,D
1458,492.49,S
210,434.26,CH
210,476.14,CM
210,504.62,CS
210,521.32,SH
210,544.63,SM
210,563.24,SS
210,564.69,RH
210,573.54,RM
210,581.42,RS
210,563.15,IM
210,544.58,W
210,515.62,D
210,491.05,S
1384,433.04,CH
1384,474.88,CM
1384,505.01,CS
1384,524.31,SH
1384,542.88,SM
1384,563.19,SS
1384,573.01,RH
1384,581.71,RM
1384,589.90,RS
1384,563.18,IM
1384,543.74,W
1384,516.65,D
1384,491.84,S
2170,442.28,CH
2170,485.07,CM
2170,506.76,CS
2170,523.01,SH
2170,548.27,SM
2170,562.94,SS
2170,568.07,RH
2170,580.30,RM
2170,584.62,RS
2170,562.92,IM
2170,548.24,W
2170,522.85,D
2170,500.48,S
41,433.58,CH
41,478.26,CM
41,506.40,CS
41,523.16,SH
41,544.07,SM
41,562.84,SS
41,571.62,RH
41,579.95,RM
41,588.44,RS
41,562.84,IM
41,544.19,W
41,517.10,D
41,493.05,S
1508,435.46,CH
1508,480.32,CM
1508,508.75,CS
1508,523.79,SH
1508,544.53,SM
1508,562.66,SS
1508,570.19,RH
1508,578.09,RM
1508,585.07,RS
1508,562.66,IM
1508,544.47,W
1508,518.92,D
1508,496.19,S
82,432.78,CH
82,476.10,CM
82,505.69,CS
82,522.52,SH
82,537.44,SM
82,561.61,SS
82,571.37,RH
82,580.13,RM
82,587.59,RS
82,561.61,IM
82,537.44,W
82,516.12,D
82,494.53,S
3443,430.08,CH
3443,472.55,CM
3443,502.23,CS
3443,519.95,SH
3443,541.97,SM
3443,560.05,SS
3443,569.23,RH
3443,578.29,RM
3443,587.12,RS
3443,560.06,IM
3443,541.71,W
3443,509.90,D
3443,486.23,S
2051,429.33,CH
2051,474.43,CM
2051,504.86,CS
2051,521.96,SH
2051,541.16,SM
2051,559.21,SS
2051,569.08,RH
2051,577.85,RM
2051,581.36,RS
2051,559.21,IM
2051,541.07,W
2051,515.24,D
2051,489.83,S
211,433.71,CH
211,477.39,CM
211,504.34,CS
211,519.58,SH
211,540.17,SM
211,559.07,SS
211,565.88,RH
211,573.26,RM
211,582.01,RS
211,559.07,IM
211,540.25,W
211,513.45,D
211,488.26,S
1975,432.80,CH
1975,475.60,CM
1975,503.11,CS
1975,519.72,SH
1975,539.49,SM
1975,558.92,SS
1975,565.55,RH
1975,571.12,RM
1975,582.69,RS
1975,558.92,IM
1975,539.45,W
1975,508.78,D
1975,486.30,S
3431,427.50,CH
3431,468.71,CM
3431,497.19,CS
3431,515.51,SH
3431,539.11,SM
3431,558.76,SS
3431,569.61,RH
3431,577.81,RM
3431,586.72,RS
3431,558.79,IM
3431,538.55,W
3431,510.72,D
3431,485.92,S
1925,432.94,CH
1925,474.44,CM
1925,503.19,CS
1925,518.78,SH
1925,537.16,SM
1925,557.94,SS
1925,558.99,RH
1925,567.63,RM
1925,575.98,RS
1925,557.94,IM
1925,537.02,W
1925,511.53,D
1925,490.35,S
3524,428.69,CH
3524,469.81,CM
3524,498.33,CS
3524,515.94,SH
3524,537.78,SM
3524,556.03,SS
3524,563.19,RH
3524,570.50,RM
3524,579.74,RS
3524,556.02,IM
3524,537.54,W
3524,512.78,D
3524,488.04,S
3489,424.19,CH
3489,466.06,CM
3489,494.97,CS
3489,514.47,SH
3489,535.30,SM
3489,555.35,SS
3489,567.46,RH
3489,574.56,RM
3489,587.69,RS
3489,555.31,IM
3489,535.37,W
3535,421.72,CH
3535,460.01,CM
3535,489.90,CS
3535,512.31,SH
3535,537.83,SM
3535,555.23,SS
3535,566.00,RH
3535,574.95,RM
3535,583.82,RS
3535,555.31,IM
3535,537.83,W
3535,504.53,D
3535,477.29,S
3214,422.52,CH
3214,463.14,CM
3214,492.61,CS
3214,509.81,SH
3214,530.99,SM
3214,555.11,SS
3214,563.56,RH
3214,571.88,RM
3214,579.97,RS
3214,555.66,IM
3214,530.98,W
3214,509.81,D
3214,483.09,S
489,427.00,CH
489,468.73,CM
489,497.25,CS
489,513.24,SH
489,535.45,SM
489,554.65,SS
489,558.37,RH
489,566.84,RM
489,574.36,RS
489,554.62,IM
489,535.38,W
489,507.96,D
489,483.71,S
1541,429.32,CH
1541,472.79,CM
1541,501.20,CS
1541,515.00,SH
1541,536.21,SM
1541,553.72,SS
1541,561.31,RH
1541,565.43,RM
1541,576.74,RS
1541,553.72,IM
1541,536.19,W
1541,507.01,D
1541,484.08,S
3551,424.04,CH
3551,465.66,CM
3551,494.72,CS
3551,513.15,SH
3551,533.77,SM
3551,553.71,SS
3551,563.54,RH
3551,572.03,RM
3551,580.29,RS
3551,553.70,IM
3551,533.56,W
451,430.93,CH
451,468.99,CM
451,498.36,CS
451,514.76,SH
451,534.93,SM
451,553.04,SS
451,559.54,RH
451,564.33,RM
451,572.79,RS
451,553.05,IM
451,534.94,W
451,507.08,D
451,487.59,S
3451,412.82,CH
3451,458.03,CM
3451,488.48,CS
3451,508.80,SH
3451,533.09,SM
3451,552.60,SS
3451,560.37,RH
3451,560.88,RM
3451,568.61,RS
3451,552.59,IM
3451,533.09,W
3451,499.49,D
3451,473.14,S
2150,422.24,CH
2150,464.84,CM
2150,494.02,CS
2150,512.72,SH
2150,533.33,SM
2150,552.55,SS
2150,560.91,RH
2150,565.26,RM
2150,573.38,RS
2150,552.55,IM
2150,532.85,W
2150,504.80,D
2150,478.91,S
773,422.48,CH
773,467.32,CM
773,495.96,CS
773,511.32,SH
773,533.21,SM
773,551.97,SS
773,555.90,RH
773,564.30,RM
773,572.33,RS
773,552.01,IM
773,533.51,W
773,507.57,D
773,482.00,S
345,413.78,CH
345,458.44,CM
345,489.49,CS
345,508.56,SH
345,531.92,SM
345,551.55,SS
345,558.80,RH
345,567.55,RM
345,576.07,RS
345,551.55,IM
345,531.92,W
345,503.40,D
345,478.92,S
799,422.82,CH
799,465.39,CM
799,493.75,CS
799,513.11,SH
799,532.79,SM
799,550.72,SS
799,556.24,RH
799,564.65,RM
799,572.13,RS
799,550.73,IM
799,532.77,W
799,502.56,D
799,480.11,S
1645,417.76,CH
1645,465.05,CM
1645,490.37,CS
1645,508.17,SH
1645,529.86,SM
1645,549.49,SS
1645,551.46,RH
1645,561.28,RM
1645,570.13,RS
1645,549.49,IM
1645,530.17,W
36,430.24,CH
36,470.75,CM
36,502.13,CS
36,517.90,SH
36,534.81,SM
36,549.40,SS
36,558.97,RH
36,566.06,RM
36,573.67,RS
36,549.37,IM
36,534.09,W
36,510.92,D
36,488.59,S
3424,417.81,CH
3424,460.23,CM
3424,490.06,CS
3424,507.76,SH
3424,529.25,SM
3424,548.92,SS
3424,554.29,RH
3424,564.13,RM
3424,569.80,RS
3424,548.90,IM
3424,529.24,W
3424,501.23,D
3424,475.30,S
1543,422.66,CH
1543,464.43,CM
1543,491.40,CS
1543,507.66,SH
1543,527.66,SM
1543,546.39,SS
1543,551.80,RH
1543,559.66,RM
1543,567.84,RS
1543,546.37,IM
1543,527.68,W
1543,502.54,D
1543,479.79,S
2153,421.30,CH
2153,463.76,CM
2153,490.47,CS
2153,507.05,SH
2153,526.98,SM
2153,546.37,SS
2153,550.65,RH
2153,559.00,RM
2153,564.07,RS
2153,545.59,IM
2153,527.06,W
2153,498.29,D
2153,479.37,S
3462,424.51,CH
3462,466.81,CM
3462,491.50,CS
3462,507.28,SH
3462,528.18,SM
3462,546.31,SS
3462,552.62,RH
3462,561.10,RM
3462,568.46,RS
3462,546.29,IM
3462,528.27,W
3462,505.21,D
3462,483.68,S
3538,421.44,CH
3538,463.45,CM
3538,491.34,CS
3538,507.89,SH
3538,527.79,SM
3538,545.07,SS
3538,550.23,RH
3538,558.44,RM
3538,566.67,RS
3538,544.99,IM
3538,527.86,W
3538,505.56,D
3538,482.22,S
3408,415.25,CH
3408,457.36,CM
3408,485.92,CS
3408,502.60,SH
3408,524.27,SM
3408,544.90,SS
3408,551.23,RH
3408,560.45,RM
3408,572.26,RS
3408,544.90,IM
3408,524.28,W
3401,418.88,CH
3401,460.34,CM
3401,488.88,CS
3401,506.66,SH
3401,527.97,SM
3401,544.82,SS
3401,553.90,RH
3401,562.07,RM
3401,569.94,RS
3401,544.82,IM
3401,527.97,W
3401,499.98,D
3401,476.37,S
207,413.80,CH
207,454.86,CM
207,484.17,CS
207,502.66,SH
207,525.61,SM
207,544.62,SS
207,550.68,RH
207,560.46,RM
207,565.17,RS
207,544.59,IM
207,525.65,W
207,499.09,D
207,475.20,S
1773,410.54,CH
1773,454.47,CM
1773,484.95,CS
1773,504.74,SH
1773,525.52,SM
1773,543.99,SS
1773,554.33,RH
1773,563.04,RM
1773,570.98,RS
1773,543.99,IM
1773,525.51,W
1773,497.17,D
1773,470.70,S
3432,418.99,CH
3432,459.18,CM
3432,487.82,CS
3432,503.12,SH
3432,523.94,SM
3432,543.51,SS
3432,548.96,RH
3432,556.86,RM
3432,565.57,RS
3432,543.51,IM
3432,523.90,W
3432,497.88,D
3432,477.18,S
3500,419.61,CH
3500,461.11,CM
3500,487.79,CS
3500,506.13,SH
3500,526.54,SM
3500,543.01,SS
3500,550.61,RH
3500,557.49,RM
3500,563.95,RS
3500,542.94,IM
3500,526.53,W
3500,501.06,D
3500,477.14,S
665,422.15,CH
665,463.80,CM
665,489.77,CS
665,504.88,SH
665,524.22,SM
665,542.31,SS
665,549.16,RH
665,557.27,RM
665,565.76,RS
665,542.28,IM
665,524.28,W
665,501.21,D
665,478.87,S
3509,410.91,CH
3509,452.05,CM
3509,480.45,CS
3509,497.79,SH
3509,522.17,SM
3509,541.87,SS
3509,550.04,RH
3509,558.57,RM
3509,564.19,RS
3509,541.86,IM
3509,522.15,W
379,419.60,CH
379,461.35,CM
379,486.52,CS
379,501.39,SH
379,521.40,SM
379,540.43,SS
379,548.34,RH
379,556.91,RM
379,565.50,RS
379,540.43,IM
379,522.49,W
379,498.90,D
379,477.30,S
3487,412.91,CH
3487,456.37,CM
3487,485.61,CS
3487,500.40,SH
3487,521.59,SM
3487,540.33,SS
3487,548.82,RH
3487,557.39,RM
3487,565.55,RS
3487,540.29,IM
3487,521.66,W
3487,499.84,D
3487,476.58,S
301,417.21,CH
301,456.44,CM
301,486.61,CS
301,501.11,SH
301,522.05,SM
301,539.91,SS
301,547.08,RH
301,550.99,RM
301,559.73,RS
301,539.91,IM
301,521.91,W
301,498.18,D
301,475.92,S
1448,410.50,CH
1448,452.95,CM
1448,481.96,CS
1448,498.38,SH
1448,521.87,SM
1448,539.59,SS
1448,546.86,RH
1448,556.66,RM
1448,564.47,RS
1448,539.59,IM
1448,521.59,W
1448,492.38,D
1448,470.69,S
3407,402.65,CH
3407,447.66,CM
3407,479.67,CS
3407,496.87,SH
3407,518.36,SM
3407,539.51,SS
3407,547.16,RH
3407,555.91,RM
3407,564.71,RS
3407,539.55,IM
3407,518.35,W
1987,403.57,CH
1987,447.27,CM
1987,478.43,CS
1987,498.00,SH
1987,519.31,SM
1987,538.97,SS
1987,548.71,RH
1987,557.65,RM
1987,565.70,RS
1987,539.05,IM
1987,519.30,W
1987,493.10,D
1987,465.23,S
709,409.12,CH
709,452.36,CM
709,480.87,CS
709,497.03,SH
709,519.10,SM
709,538.29,SS
709,547.60,RH
709,555.97,RM
709,563.44,RS
709,538.28,IM
709,519.18,W
709,490.05,D
709,469.91,S
533,406.02,CH
533,449.33,CM
533,479.27,CS
533,497.47,SH
533,517.68,SM
533,537.57,SS
533,546.86,RH
533,555.54,RM
533,563.70,RS
533,537.57,IM
533,517.58,W
533,488.51,D
533,464.02,S
514,410.46,CH
514,452.07,CM
514,482.14,CS
514,498.11,SH
514,515.59,SM
514,537.31,SS
514,547.33,RH
514,553.89,RM
514,562.96,RS
514,537.31,IM
514,515.41,W
514,491.94,D
514,468.53,S
1542,414.11,CH
1542,455.17,CM
1542,481.08,CS
1542,497.18,SH
1542,517.34,SM
1542,535.90,SS
1542,542.89,RH
1542,551.54,RM
1542,560.27,RS
1542,535.89,IM
1542,517.46,W
1542,490.92,D
1542,469.68,S
3481,404.34,CH
3481,447.78,CM
3481,477.53,CS
3481,495.51,SH
3481,517.86,SM
3481,535.38,SS
3481,543.87,RH
3481,553.17,RM
3481,562.25,RS
3481,535.38,IM
3481,517.92,W
3481,487.52,D
3481,463.89,S
3506,404.15,CH
3506,446.84,CM
3506,477.41,CS
3506,495.42,SH
3506,517.72,SM
3506,535.26,SS
3506,543.11,RH
3506,552.09,RM
3506,561.16,RS
3506,535.26,IM
3506,517.70,W
3506,487.24,D
3506,462.80,S
931,403.99,CH
931,447.13,CM
931,477.02,CS
931,493.67,SH
931,513.53,SM
931,534.91,SS
931,538.20,RH
931,547.88,RM
931,557.06,RS
931,534.92,IM
931,513.50,W
931,488.13,D
931,465.35,S
31,412.95,CH
31,455.26,CM
31,478.49,CS
31,494.98,SH
31,515.65,SM
31,534.47,SS
31,540.13,RH
31,548.64,RM
31,557.21,RS
31,534.47,IM
31,515.94,W
31,488.81,D
31,466.71,S
3377,414.48,CH
3377,454.58,CM
3377,479.46,CS
3377,496.19,SH
3377,516.65,SM
3377,533.37,SS
3377,537.85,RH
3377,545.77,RM
3377,554.71,RS
3377,533.33,IM
3377,516.55,W
3377,493.92,D
3377,474.09,S
1895,401.36,CH
1895,443.47,CM
1895,474.26,CS
1895,494.62,SH
1895,514.27,SM
1895,533.04,SS
1895,541.89,RH
1895,550.65,RM
1895,558.81,RS
1895,533.04,IM
1895,514.27,W
3361,407.83,CH
3361,448.76,CM
3361,476.41,CS
3361,487.76,SH
3361,513.76,SM
3361,532.03,SS
3361,535.58,RH
3361,549.16,RM
3361,565.44,RS
3361,532.03,IM
3361,513.77,W
2145,394.78,CH
2145,439.52,CM
2145,464.07,CS
2145,487.24,SH
2145,510.82,SM
2145,531.72,SS
2145,541.58,RH
2145,549.91,RM
2145,558.17,RS
2145,531.96,IM
2145,510.82,W
2145,480.05,D
2145,455.31,S
3427,401.38,CH
3427,443.07,CM
3427,471.74,CS
3427,489.98,SH
3427,511.59,SM
3427,531.69,SS
3427,539.10,RH
3427,550.73,RM
3427,559.82,RS
3427,531.69,IM
3427,511.37,W
3427,482.02,D
3427,457.51,S
2011,405.10,CH
2011,446.07,CM
2011,473.19,CS
2011,485.80,SH
2011,505.89,SM
2011,531.11,SS
2011,544.58,RH
2011,559.37,RM
2011,571.49,RS
2011,531.11,IM
2011,505.87,W
3445,403.66,CH
3445,445.22,CM
3445,474.46,CS
3445,490.18,SH
3445,510.45,SM
3445,529.28,SS
3445,539.57,RH
3445,549.27,RM
3445,557.97,RS
3445,529.28,IM
3445,510.44,W
334,397.86,CH
334,439.69,CM
334,468.52,CS
334,486.53,SH
334,509.12,SM
334,528.91,SS
334,539.77,RH
334,548.52,RM
334,556.91,RS
334,528.91,IM
334,509.10,W
334,481.02,D
334,456.91,S
843,400.16,CH
843,441.44,CM
843,470.90,CS
843,488.39,SH
843,508.37,SM
843,528.77,SS
843,538.13,RH
843,548.04,RM
843,556.82,RS
843,528.78,IM
843,508.37,W
843,482.09,D
843,458.59,S
3316,394.39,CH
3316,438.53,CM
3316,467.88,CS
3316,485.54,SH
3316,507.89,SM
3316,527.94,SS
3316,539.77,RH
3316,549.35,RM
3316,558.96,RS
3316,527.94,IM
3316,507.15,W
3384,409.19,CH
3384,450.56,CM
3384,476.01,CS
3384,491.38,SH
3384,510.11,SM
3384,527.85,SS
3384,528.27,RH
3384,536.13,RM
3384,544.08,RS
3384,527.79,IM
3384,510.08,W
3384,487.49,D
3384,466.39,S
1729,405.64,CH
1729,444.81,CM
1729,471.89,CS
1729,490.05,SH
1729,510.34,SM
1729,527.39,SS
1729,536.66,RH
1729,545.34,RM
1729,553.69,RS
1729,527.37,IM
1729,510.28,W
1729,481.91,D
1729,458.09,S
3466,397.59,CH
3466,439.95,CM
3466,467.54,CS
3466,485.36,SH
3466,506.57,SM
3466,524.87,SS
3466,533.95,RH
3466,541.36,RM
3466,550.71,RS
3466,524.87,IM
3466,506.56,W
3466,479.74,D
3466,457.70,S
3513,395.66,CH
3513,438.10,CM
3513,466.82,CS
3513,484.31,SH
3513,505.94,SM
3513,524.67,SS
3513,531.79,RH
3513,540.48,RM
3513,549.60,RS
3513,524.67,IM
3513,505.92,W
3513,478.41,D
3513,455.40,S
3344,397.06,CH
3344,438.08,CM
3344,468.01,CS
3344,484.24,SH
3344,505.23,SM
3344,524.66,SS
3344,523.47,RH
3344,532.72,RM
3344,540.75,RS
3344,524.51,IM
3344,505.22,W
3220,392.64,CH
3220,435.64,CM
3220,466.48,CS
3220,484.26,SH
3220,504.72,SM
3220,524.46,SS
3220,533.60,RH
3220,542.13,RM
3220,550.05,RS
3220,524.45,IM
3220,504.75,W
3220,481.93,D
3220,454.99,S
3441,397.50,CH
3441,440.42,CM
3441,467.17,CS
3441,485.50,SH
3441,505.92,SM
3441,523.67,SS
3441,534.84,RH
3441,543.51,RM
3441,552.47,RS
3441,523.67,IM
3441,505.92,W
3471,404.55,CH
3471,445.89,CM
3471,471.82,CS
3471,488.38,SH
3471,508.68,SM
3471,523.67,SS
3471,529.97,RH
3471,538.96,RM
3471,547.86,RS
3471,523.66,IM
3471,508.66,W
3471,483.50,D
3471,461.38,S
959,401.44,CH
959,442.01,CM
959,467.25,CS
959,483.48,SH
959,507.74,SM
959,523.43,SS
959,525.95,RH
959,539.59,RM
959,548.27,RS
959,523.43,IM
959,507.73,W
959,476.93,D
959,457.79,S
3353,391.33,CH
3353,433.85,CM
3353,465.15,CS
3353,482.69,SH
3353,500.14,SM
3353,523.17,SS
3353,531.95,RH
3353,540.54,RM
3353,548.39,RS
3353,523.16,IM
3353,500.10,W
3353,480.53,D
3353,453.80,S
104,396.10,CH
104,437.93,CM
104,467.85,CS
104,483.24,SH
104,503.78,SM
104,522.94,SS
104,531.08,RH
104,539.85,RM
104,548.11,RS
104,522.94,IM
104,503.61,W
104,475.49,D
104,455.44,S
78,393.44,CH
78,435.62,CM
78,464.81,CS
78,482.78,SH
78,503.74,SM
78,521.31,SS
78,529.28,RH
78,538.25,RM
78,547.26,RS
78,521.31,IM
78,503.73,W
78,476.28,D
78,453.52,S
3555,387.69,CH
3555,431.10,CM
3555,459.52,CS
3555,477.68,SH
3555,501.68,SM
3555,520.72,SS
3555,529.44,RH
3555,538.25,RM
3555,546.10,RS
3555,520.71,IM
3555,501.60,W
3555,472.37,D
3555,448.00,S
575,393.27,CH
575,433.69,CM
575,463.00,CS
575,479.96,SH
575,499.98,SM
575,519.09,SS
575,524.44,RH
575,531.64,RM
575,539.73,RS
575,519.08,IM
575,499.98,W
575,470.47,D
575,447.97,S
2141,389.34,CH
2141,433.03,CM
2141,463.09,CS
2141,479.57,SH
2141,500.16,SM
2141,518.22,SS
2141,525.36,RH
2141,530.19,RM
2141,538.79,RS
2141,518.22,IM
2141,500.15,W
2141,474.42,D
2141,450.74,S
24,392.38,CH
24,433.43,CM
24,463.37,CS
24,479.42,SH
24,499.99,SM
24,518.13,SS
24,525.87,RH
24,534.53,RM
24,543.20,RS
24,518.13,IM
24,499.71,W
24,471.53,D
24,451.07,S
3453,389.70,CH
3453,430.24,CM
3453,459.48,CS
3453,476.25,SH
3453,497.00,SM
3453,516.76,SS
3453,525.57,RH
3453,528.96,RM
3453,537.76,RS
3453,516.76,IM
3453,497.00,W
374,390.08,CH
374,431.95,CM
374,459.87,CS
374,475.85,SH
374,496.80,SM
374,515.92,SS
374,525.91,RH
374,536.64,RM
374,543.22,RS
374,515.90,IM
374,496.83,W
374,469.55,D
374,448.52,S
2172,385.26,CH
2172,428.89,CM
2172,459.35,CS
2172,477.72,SH
2172,498.17,SM
2172,515.76,SS
2172,523.48,RH
2172,531.86,RM
2172,540.27,RS
2172,515.78,IM
2172,498.05,W
2172,470.20,D
2172,443.11,S
3464,395.08,CH
3464,437.84,CM
3464,463.40,CS
3464,479.37,SH
3464,496.83,SM
3464,515.18,SS
3464,523.42,RH
3464,532.09,RM
3464,539.83,RS
3464,515.18,IM
3464,497.11,W
3464,473.30,D
3464,450.57,S
3222,387.39,CH
3222,430.44,CM
3222,458.95,CS
3222,475.46,SH
3222,496.19,SM
3222,513.76,SS
3222,519.04,RH
3222,528.31,RM
3222,536.26,RS
3222,513.76,IM
3222,496.19,W
3222,472.13,D
3222,447.35,S
203,385.98,CH
203,430.23,CM
203,459.97,CS
203,476.12,SH
203,495.14,SM
203,513.15,SS
203,521.70,RH
203,530.11,RM
203,539.03,RS
203,513.15,IM
203,495.01,W
203,468.65,D
203,448.41,S
3215,383.31,CH
3215,426.49,CM
3215,454.87,CS
3215,474.24,SH
3215,494.19,SM
3215,512.63,SS
3215,520.52,RH
3215,528.87,RM
3215,536.67,RS
3215,512.63,IM
3215,494.17,W
3215,469.12,D
3215,445.07,S
688,385.31,CH
688,428.58,CM
688,458.38,CS
688,474.23,SH
688,493.63,SM
688,512.09,SS
688,519.86,RH
688,528.02,RM
688,537.29,RS
688,512.09,IM
688,493.63,W
688,468.98,D
688,449.09,S
1027,380.14,CH
1027,419.37,CM
1027,448.61,CS
1027,466.81,SH
1027,490.37,SM
1027,510.64,SS
1027,512.20,RH
1027,522.12,RM
1027,530.76,RS
1027,510.64,IM
1027,490.48,W
1027,464.08,D
1027,440.43,S
3413,382.15,CH
3413,424.16,CM
3413,454.58,CS
3413,469.94,SH
3413,490.19,SM
3413,508.33,SS
3413,515.54,RH
3413,524.51,RM
3413,533.08,RS
3413,508.33,IM
3413,490.17,W
3413,463.38,D
3413,440.00,S
3295,382.11,CH
3295,423.73,CM
3295,452.58,CS
3295,467.83,SH
3295,488.65,SM
3295,506.87,SS
3295,513.48,RH
3295,523.13,RM
3295,531.32,RS
3295,506.87,IM
3295,488.68,W
3295,461.61,D
3295,439.81,S
3421,378.55,CH
3421,420.15,CM
3421,449.07,CS
3421,466.05,SH
3421,486.40,SM
3421,506.45,SS
3421,513.23,RH
3421,521.16,RM
3421,530.88,RS
3421,506.45,IM
3421,486.40,W
3422,381.22,CH
3422,422.87,CM
3422,449.46,CS
3422,467.68,SH
3422,488.68,SM
3422,506.42,SS
3422,514.67,RH
3422,522.94,RM
3422,531.44,RS
3422,506.42,IM
3422,488.67,W
1796,382.35,CH
1796,424.27,CM
1796,452.94,CS
1796,469.85,SH
1796,489.58,SM
1796,506.23,SS
1796,518.75,RH
1796,530.88,RM
1796,538.02,RS
1796,506.23,IM
1796,489.58,W
1796,464.68,D
1796,441.64,S
3336,392.12,CH
3336,430.23,CM
3336,454.87,CS
3336,466.90,SH
3336,486.44,SM
3336,504.31,SS
3336,499.44,RH
3336,509.71,RM
3336,517.96,RS
3336,504.31,IM
3336,486.34,W
3336,450.02,D
3336,431.59,S
3354,378.41,CH
3354,420.26,CM
3354,449.63,CS
3354,465.94,SH
3354,485.39,SM
3354,503.90,SS
3354,511.25,RH
3354,519.75,RM
3354,527.32,RS
3354,503.90,IM
3354,485.38,W
3354,458.71,D
3354,435.96,S
2154,378.44,CH
2154,420.32,CM
2154,448.73,CS
2154,464.55,SH
2154,485.38,SM
2154,503.23,SS
2154,510.06,RH
2154,519.55,RM
2154,527.65,RS
2154,503.23,IM
2154,485.32,W
2154,458.22,D
2154,436.27,S
1900,381.44,CH
1900,424.08,CM
1900,450.46,CS
1900,465.89,SH
1900,484.61,SM
1900,502.87,SS
1900,512.20,RH
1900,520.66,RM
1900,529.22,RS
1900,502.84,IM
1900,484.60,W
1900,469.58,D
1900,448.63,S
387,378.17,CH
387,420.13,CM
387,447.07,CS
387,463.82,SH
387,479.71,SM
387,502.43,SS
387,509.21,RH
387,517.61,RM
387,521.03,RS
387,502.43,IM
387,479.43,W
102,376.40,CH
102,416.52,CM
102,445.77,CS
102,462.81,SH
102,483.21,SM
102,502.19,SS
102,502.14,RH
102,514.67,RM
102,524.75,RS
102,502.18,IM
102,483.19,W
102,459.00,D
102,434.91,S
2155,372.75,CH
2155,416.33,CM
2155,446.49,CS
2155,463.17,SH
2155,483.08,SM
2155,500.62,SS
2155,510.84,RH
2155,518.95,RM
2155,526.89,RS
2155,500.61,IM
2155,483.00,W
2155,456.00,D
2155,435.07,S
3482,369.61,CH
3482,412.58,CM
3482,441.88,CS
3482,459.64,SH
3482,480.21,SM
3482,499.99,SS
3482,499.85,RH
3482,507.92,RM
3482,516.93,RS
3482,500.32,IM
3482,481.60,W
3482,454.96,D
3482,430.87,S
1461,376.65,CH
1461,418.21,CM
1461,445.54,CS
1461,460.24,SH
1461,480.26,SM
1461,498.97,SS
1461,507.74,RH
1461,517.39,RM
1461,525.20,RS
1461,498.97,IM
1461,480.78,W
1461,454.40,D
1461,433.69,S
3444,373.43,CH
3444,416.12,CM
3444,442.48,CS
3444,459.86,SH
3444,480.52,SM
3444,498.75,SS
3444,508.73,RH
3444,517.47,RM
3444,526.06,RS
3444,498.75,IM
3444,480.51,W
3444,459.95,D
3444,437.38,S
173,370.83,CH
173,410.88,CM
173,439.72,CS
173,458.69,SH
173,478.90,SM
173,497.70,SS
173,504.33,RH
173,512.35,RM
173,522.74,RS
173,497.70,IM
173,478.93,W
173,455.41,D
173,430.41,S
829,374.95,CH
829,412.52,CM
829,440.73,CS
829,454.37,SH
829,475.24,SM
829,495.89,SS
829,502.54,RH
829,511.63,RM
829,520.08,RS
829,495.88,IM
829,475.23,W
829,451.32,D
829,431.15,S
3368,385.01,CH
3368,421.71,CM
3368,444.69,CS
3368,457.20,SH
3368,476.84,SM
3368,494.60,SS
3368,493.57,RH
3368,501.72,RM
3368,510.06,RS
3368,494.51,IM
3368,476.92,W
3368,449.82,D
3368,429.87,S
3454,370.55,CH
3454,410.78,CM
3454,439.49,CS
3454,455.53,SH
3454,475.66,SM
3454,494.29,SS
3454,504.56,RH
3454,513.29,RM
3454,522.17,RS
3454,494.34,IM
3454,475.70,W
204,367.07,CH
204,408.80,CM
204,438.81,CS
204,454.89,SH
204,474.96,SM
204,492.51,SS
204,502.12,RH
204,511.54,RM
204,519.13,RS
204,492.52,IM
204,474.89,W
204,450.99,D
204,429.24,S
821,365.26,CH
821,407.75,CM
821,437.51,CS
821,452.98,SH
821,473.09,SM
821,492.50,SS
821,500.80,RH
821,508.43,RM
821,517.43,RS
821,492.50,IM
821,473.09,W
821,448.65,D
821,426.95,S
1370,363.52,CH
1370,407.89,CM
1370,438.05,CS
1370,456.80,SH
1370,473.21,SM
1370,492.28,SS
1370,503.94,RH
1370,512.63,RM
1370,521.98,RS
1370,492.29,IM
1370,473.27,W
1370,452.09,D
1370,427.19,S
1985,369.44,CH
1985,410.28,CM
1985,435.30,CS
1985,450.73,SH
1985,471.31,SM
1985,489.98,SS
1985,499.76,RH
1985,508.59,RM
1985,515.90,RS
1985,489.95,IM
1985,471.34,W
1985,445.78,D
1985,423.38,S
3429,367.20,CH
3429,409.66,CM
3429,435.60,CS
3429,451.84,SH
3429,470.91,SM
3429,489.51,SS
3429,495.38,RH
3429,504.34,RM
3429,515.73,RS
3429,489.52,IM
3429,470.90,W
3429,446.49,D
3429,425.14,S
3446,362.80,CH
3446,403.77,CM
3446,433.51,CS
3446,450.17,SH
3446,470.54,SM
3446,489.33,SS
3446,502.02,RH
3446,509.90,RM
3446,519.30,RS
3446,489.34,IM
3446,470.60,W
604,364.38,CH
604,408.08,CM
604,434.32,CS
604,449.94,SH
604,469.75,SM
604,488.34,SS
604,498.63,RH
604,508.34,RM
604,515.92,RS
604,488.33,IM
604,469.74,W
604,445.79,D
604,425.74,S
48,365.83,CH
48,407.73,CM
48,432.57,CS
48,449.60,SH
48,468.42,SM
48,486.45,SS
48,492.92,RH
48,499.10,RM
48,535.95,RS
48,486.45,IM
48,468.35,W
48,446.56,D
48,424.54,S
3456,354.54,CH
3456,396.13,CM
3456,425.03,CS
3456,443.47,SH
3456,463.78,SM
3456,482.39,SS
3456,489.07,RH
3456,497.53,RM
3456,508.90,RS
3456,482.39,IM
3456,463.87,W
3456,436.29,D
3456,414.99,S
837,358.55,CH
837,402.00,CM
837,427.61,CS
837,443.41,SH
837,462.29,SM
837,481.01,SS
837,488.51,RH
837,496.59,RM
837,504.94,RS
837,481.01,IM
837,462.28,W
837,441.36,D
837,419.38,S
3512,351.72,CH
3512,394.97,CM
3512,423.49,CS
3512,440.59,SH
3512,461.41,SM
3512,480.48,SS
3512,491.68,RH
3512,499.74,RM
3512,508.94,RS
3512,480.48,IM
3512,461.42,W
3512,434.31,D
3512,411.31,S
3521,351.26,CH
3521,395.08,CM
3521,424.36,CS
3521,441.63,SH
3521,462.05,SM
3521,480.38,SS
3521,488.53,RH
3521,497.02,RM
3521,504.97,RS
3521,480.44,IM
3521,462.04,W
3521,436.28,D
3521,412.63,S
2148,348.17,CH
2148,391.20,CM
2148,419.74,CS
2148,437.53,SH
2148,458.02,SM
2148,476.79,SS
2148,484.69,RH
2148,493.18,RM
2148,501.96,RS
2148,476.79,IM
2148,458.00,W
2148,430.64,D
2148,408.24,S
3415,355.36,CH
3415,396.37,CM
3415,423.76,CS
3415,439.22,SH
3415,459.00,SM
3415,476.47,SS
3415,482.39,RH
3415,491.37,RM
3415,499.54,RS
3415,476.47,IM
3415,458.88,W
3415,433.03,D
3415,412.16,S
37,354.96,CH
37,400.04,CM
37,424.13,CS
37,440.05,SH
37,457.55,SM
37,476.08,SS
37,484.50,RH
37,496.71,RM
37,505.55,RS
37,476.09,IM
37,457.38,W
37,438.36,D
37,415.13,S
2176,349.12,CH
2176,391.69,CM
2176,419.15,CS
2176,437.74,SH
2176,457.39,SM
2176,476.01,SS
2176,479.83,RH
2176,488.48,RM
2176,496.85,RS
2176,476.02,IM
2176,457.14,W
2176,428.69,D
2176,405.60,S
1933,351.77,CH
1933,394.75,CM
1933,422.58,CS
1933,438.80,SH
1933,457.63,SM
1933,475.60,SS
1933,485.06,RH
1933,493.19,RM
1933,500.23,RS
1933,475.60,IM
1933,457.65,W
1933,433.27,D
1933,411.70,S
2144,347.16,CH
2144,389.04,CM
2144,420.46,CS
2144,435.68,SH
2144,456.12,SM
2144,474.99,SS
2144,480.97,RH
2144,491.59,RM
2144,499.46,RS
2144,474.99,IM
2144,456.12,W
2144,430.37,D
2144,406.02,S
836,356.94,CH
836,396.36,CM
836,422.10,CS
836,437.27,SH
836,456.78,SM
836,474.94,SS
836,482.17,RH
836,491.14,RM
836,498.15,RS
836,474.94,IM
836,456.77,W
836,435.51,D
836,413.91,S
3494,363.23,CH
3494,399.62,CM
3494,423.04,CS
3494,432.10,SH
3494,450.93,SM
3494,468.31,SS
3494,472.27,RH
3494,480.51,RM
3494,489.40,RS
3494,468.25,IM
3494,450.78,W
3494,429.42,D
3494,414.56,S
1973,340.54,CH
1973,382.58,CM
1973,410.28,CS
1973,426.44,SH
1973,446.66,SM
1973,464.56,SS
1973,470.23,RH
1973,478.63,RM
1973,486.94,RS
1973,464.57,IM
1973,446.47,W
1973,423.21,D
1973,401.70,S
201,338.58,CH
201,381.06,CM
201,406.65,CS
201,425.02,SH
201,445.00,SM
201,463.11,SS
201,475.25,RH
201,485.14,RM
201,492.90,RS
201,463.10,IM
201,445.04,W
201,419.56,D
201,396.39,S
919,339.69,CH
919,381.32,CM
919,408.25,CS
919,425.19,SH
919,443.72,SM
919,462.99,SS
919,469.57,RH
919,479.35,RM
919,487.61,RS
919,462.99,IM
919,443.70,W
919,418.55,D
919,397.04,S
810,343.97,CH
810,385.66,CM
810,406.76,CS
810,423.27,SH
810,443.60,SM
810,462.68,SS
810,469.33,RH
810,477.69,RM
810,484.81,RS
810,462.68,IM
810,443.61,W
810,418.92,D
810,399.39,S
63,343.97,CH
63,384.90,CM
63,406.84,CS
63,423.62,SH
63,443.74,SM
63,462.54,SS
63,469.75,RH
63,478.11,RM
63,485.34,RS
63,462.54,IM
63,443.74,W
63,420.50,D
63,399.94,S
3365,337.53,CH
3365,379.48,CM
3365,406.86,CS
3365,424.01,SH
3365,444.39,SM
3365,460.86,SS
3365,466.80,RH
3365,476.01,RM
3365,489.23,RS
3365,460.96,IM
3365,444.59,W
3365,419.32,D
3365,397.52,S
2173,334.55,CH
2173,376.95,CM
2173,405.52,CS
2173,421.40,SH
2173,441.58,SM
2173,460.07,SS
2173,462.35,RH
2173,471.26,RM
2173,479.27,RS
2173,460.06,IM
2173,441.57,W
2173,415.31,D
2173,393.68,S
3428,342.05,CH
3428,382.69,CM
3428,406.69,CS
3428,421.42,SH
3428,441.39,SM
3428,459.33,SS
3428,464.49,RH
3428,474.36,RM
3428,481.85,RS
3428,459.33,IM
3428,441.38,W
1537,331.50,CH
1537,374.07,CM
1537,404.00,CS
1537,420.62,SH
1537,441.11,SM
1537,458.90,SS
1537,469.10,RH
1537,477.76,RM
1537,485.90,RS
1537,458.90,IM
1537,441.10,W
1537,418.68,D
1537,395.11,S
1385,327.57,CH
1385,371.22,CM
1385,400.55,CS
1385,417.53,SH
1385,435.14,SM
1385,454.23,SS
1385,463.74,RH
1385,472.57,RM
1385,480.92,RS
1385,454.23,IM
1385,435.09,W
1385,412.54,D
1385,390.14,S
3266,327.19,CH
3266,368.33,CM
3266,396.04,CS
3266,415.39,SH
3266,435.17,SM
3266,454.03,SS
3266,461.31,RH
3266,469.41,RM
3266,476.43,RS
3266,454.04,IM
3266,435.07,W
3375,322.94,CH
3375,363.78,CM
3375,391.93,CS
3375,408.75,SH
3375,428.68,SM
3375,447.29,SS
3375,451.65,RH
3375,462.02,RM
3375,478.15,RS
3375,447.29,IM
3375,428.13,W
3375,404.39,D
3375,382.24,S
1986,319.18,CH
1986,359.38,CM
1986,388.35,CS
1986,404.31,SH
1986,424.71,SM
1986,443.26,SS
1986,452.18,RH
1986,461.03,RM
1986,4769.41,RS
1986,443.55,IM
1986,424.70,W
1986,403.42,D
1986,381.79,S
3403,321.79,CH
3403,363.60,CM
3403,387.93,CS
3403,404.34,SH
3403,424.01,SM
3403,440.72,SS
3403,444.96,RH
3403,452.16,RM
3403,464.68,RS
3403,440.73,IM
3403,424.15,W
3403,399.36,D
3403,381.16,S
2026,312.92,CH
2026,354.39,CM
2026,384.14,CS
2026,400.80,SH
2026,421.08,SM
2026,439.41,SS
2026,446.98,RH
2026,455.27,RM
2026,463.34,RS
2026,439.41,IM
2026,421.07,W
2026,399.89,D
2026,375.98,S
3530,306.65,CH
3530,348.65,CM
3530,373.90,CS
3530,389.12,SH
3530,408.57,SM
3530,427.19,SS
3530,430.56,RH
3530,438.36,RM
3530,446.85,RS
3530,427.19,IM
3530,408.32,W
3530,388.11,D
3530,365.99,S
3370,301.68,CH
3370,342.85,CM
3370,368.78,CS
3370,382.94,SH
3370,402.75,SM
3370,420.94,SS
3370,426.96,RH
3370,434.87,RM
3370,442.78,RS
3370,420.96,IM
3370,402.74,W
3370,381.21,D
3370,360.26,S
3383,287.91,CH
3383,331.40,CM
3383,357.76,CS
3383,374.03,SH
3383,394.58,SM
3383,412.82,SS
3383,420.43,RH
3383,428.62,RM
3383,436.81,RS
3383,412.82,IM
3383,394.58,W
3383,369.29,D
3383,347.89,S
3559,287.90,CH
3559,329.19,CM
3559,355.52,CS
3559,367.12,SH
3559,388.33,SM
3559,406.78,SS
3559,410.41,RH
3559,421.60,RM
3559,431.05,RS
3559,406.78,IM
3559,388.33,W
3559,363.10,D
3559,344.75,S
3514,277.92,CH
3514,319.12,CM
3514,347.61,CS
3514,364.78,SH
3514,387.31,SM
3514,405.91,SS
3514,413.23,RH
3514,421.08,RM
3514,430.76,RS
3514,405.90,IM
3514,387.50,W
3514,360.04,D
3514,336.74,S
3357,277.18,CH
3357,318.73,CM
3357,347.99,CS
3357,365.69,SH
3357,386.12,SM
3357,405.75,SS
3357,415.85,RH
3357,424.45,RM
3357,431.82,RS
3357,405.66,IM
3357,386.24,W
3357,362.51,D
3357,338.54,S
3549,285.22,CH
3549,326.53,CM
3549,352.18,CS
3549,366.87,SH
3549,386.88,SM
3549,403.66,SS
3549,409.86,RH
3549,417.66,RM
3549,425.22,RS
3549,403.47,IM
3549,386.85,W
3549,362.77,D
3549,342.26,S
137,275.76,CH
137,317.23,CM
137,345.59,CS
137,363.99,SH
137,384.08,SM
137,402.65,SS
137,413.32,RH
137,421.57,RM
137,431.97,RS
137,402.64,IM
137,384.08,W
137,361.14,D
137,336.85,S
135,272.82,CH
135,310.75,CM
135,337.74,CS
135,354.36,SH
135,374.05,SM
135,392.16,SS
135,402.58,RH
135,410.75,RM
135,407.26,RS
135,392.16,IM
135,374.25,W
135,351.04,D
135,328.04,S
3442,267.60,CH
3442,309.90,CM
3442,336.71,CS
3442,353.37,SH
3442,373.81,SM
3442,391.82,SS
3442,399.25,RH
3442,407.46,RM
3442,415.20,RS
3442,391.77,IM
3442,373.83,W
3442,352.63,D
3442,331.70,S
779,263.81,CH
779,303.74,CM
779,329.66,CS
779,347.80,SH
779,366.98,SM
779,385.55,SS
779,397.32,RH
779,404.69,RM
779,412.60,RS
779,385.55,IM
779,366.97,W
779,344.48,D
779,320.48,S
1932,265.09,CH
1932,300.46,CM
1932,325.14,CS
1932,341.08,SH
1932,359.97,SM
1932,376.88,SS
1932,385.57,RH
1932,394.70,RM
1932,403.17,RS
1932,376.88,IM
1932,359.90,W
1932,341.06,D
1932,320.06,S
145,243.91,CH
145,286.66,CM
145,317.53,CS
145,331.85,SH
145,352.95,SM
145,370.23,SS
145,378.07,RH
145,386.85,RM
145,394.85,RS
145,370.24,IM
145,352.14,W
145,331.80,D
145,308.11,S
3554,250.38,CH
3554,288.50,CM
3554,314.33,CS
3554,329.24,SH
3554,351.86,SM
3554,370.05,SS
3554,375.35,RH
3554,385.88,RM
3554,394.40,RS
3554,369.63,IM
3554,351.86,W
3554,329.08,D
3554,307.76,S
3356,257.39,CH
3356,294.31,CM
3356,318.40,CS
3356,334.37,SH
3356,353.39,SM
3356,367.38,SS
3356,376.83,RH
3356,382.96,RM
3356,390.70,RS
3356,367.39,IM
3356,353.35,W
3356,334.60,D
3356,311.06,S
1527,245.10,CH
1527,286.04,CM
1527,310.90,CS
1527,326.52,SH
1527,345.76,SM
1527,364.10,SS
1527,367.84,RH
1527,378.10,RM
1527,384.48,RS
1527,364.10,IM
1527,345.67,W
1527,321.16,D
1527,302.36,S
3545,230.84,CH
3545,269.39,CM
3545,293.61,CS
3545,308.44,SH
3545,329.29,SM
3545,359.27,SS
3545,368.21,RH
3545,380.93,RM
3545,391.48,RS
3545,359.27,IM
3545,329.26,W
3545,302.98,D
3545,283.70,S
1044,240.29,CH
1044,276.90,CM
1044,301.27,CS
1044,317.79,SH
1044,336.06,SM
1044,353.28,SS
1044,362.18,RH
1044,370.85,RM
1044,379.08,RS
1044,353.28,IM
1044,336.05,W
1044,314.50,D
1044,294.16,S
3438,179.88,CH
3438,218.95,CM
3438,240.94,CS
3438,254.95,SH
3438,274.10,SM
3438,308.89,SS
3438,316.45,RH
3438,324.12,RM
3438,342.55,RS
3438,308.40,IM
3438,274.08,W
3438,251.23,D
3438,233.22,S
3534,208.74,CH
3534,243.14,CM
3534,268.98,CS
3534,275.10,SH
3534,292.60,SM
3534,308.40,SS
3534,306.54,RH
3534,314.36,RM
3534,321.67,RS
3534,308.26,IM
3534,292.41,W
3534,275.82,D
3534,264.48,S
3430,178.35,CH
3430,214.24,CM
3430,238.73,CS
3430,253.77,SH
3430,272.77,SM
3430,292.53,SS
3430,303.36,RH
3430,313.00,RM
3430,326.54,RS
3430,292.52,IM
3430,272.77,W
3430,251.39,D
3430,230.58,S
1778,172.35,CH
1778,213.41,CM
1778,238.04,CS
1778,252.83,SH
1778,271.28,SM
1778,289.54,SS
1778,298.73,RH
1778,320.36,RM
1778,326.96,RS
1778,289.54,IM
1778,271.24,W
1778,249.60,D
1778,230.31,S
3547,148.32,CH
3547,189.50,CM
3547,214.35,CS
3547,230.46,SH
3547,249.89,SM
3547,267.62,SS
3547,277.19,RH
3547,285.04,RM
3547,292.98,RS
3547,267.63,IM
3547,249.88,W
3547,230.56,D
3547,209.36,S
1671,105.93,CH
1671,142.21,CM
1671,167.15,CS
1671,183.58,SH
1671,204.62,SM
1671,225.29,SS
1671,235.64,RH
1671,249.81,RM
1671,266.07,RS
1671,225.29,IM
1671,204.61,W
1671,177.52,D
1671,155.64,S
1523,87.41,CH
1523,126.13,CM
1523,149.10,CS
1523,163.61,SH
1523,183.70,SM
1523,217.12,SS
1523,223.57,RH
1523,222.15,RM
1523,233.71,RS
1523,217.12,IM
1523,183.66,W
1523,161.94,D
1523,142.63,S
2060,556.92,SS
